grid_id,cell_x,cell_y,cell_x_max,cell_y_max,cell_center_x,cell_center_y,incident_count,avg_severity,latest_date,bin_x,bin_y
-122.432252_47.448579,-122.432252473,47.44857935,-122.422252473,47.45857935,-122.42725247300001,47.453579350000005,0,0,,0,0
-122.432252_47.458579,-122.432252473,47.45857935,-122.422252473,47.46857935,-122.42725247300001,47.46357935,0,0,,0,1
-122.432252_47.468579,-122.432252473,47.46857935,-122.422252473,47.47857935,-122.42725247300001,47.47357935,0,0,,0,2
-122.432252_47.478579,-122.432252473,47.47857935,-122.422252473,47.488579349999995,-122.42725247300001,47.48357935,0,0,,0,3
-122.432252_47.488579,-122.432252473,47.488579349999995,-122.422252473,47.49857934999999,-122.42725247300001,47.49357935,0,0,,0,4
-122.432252_47.498579,-122.432252473,47.49857934999999,-122.422252473,47.50857934999999,-122.42725247300001,47.503579349999995,0,0,,0,5
-122.432252_47.508579,-122.432252473,47.50857934999999,-122.422252473,47.51857934999999,-122.42725247300001,47.51357934999999,0,0,,0,6
-122.432252_47.518579,-122.432252473,47.51857934999999,-122.422252473,47.52857934999999,-122.42725247300001,47.52357934999999,0,0,,0,7
-122.432252_47.528579,-122.432252473,47.52857934999999,-122.422252473,47.538579349999985,-122.42725247300001,47.53357934999999,0,0,,0,8
-122.432252_47.538579,-122.432252473,47.538579349999985,-122.422252473,47.54857934999998,-122.42725247300001,47.54357934999999,0,0,,0,9
-122.432252_47.548579,-122.432252473,47.54857934999998,-122.422252473,47.55857934999998,-122.42725247300001,47.553579349999985,0,0,,0,10
-122.432252_47.558579,-122.432252473,47.55857934999998,-122.422252473,47.56857934999998,-122.42725247300001,47.56357934999998,0,0,,0,11
-122.432252_47.568579,-122.432252473,47.56857934999998,-122.422252473,47.57857934999998,-122.42725247300001,47.57357934999998,0,0,,0,12
-122.432252_47.578579,-122.432252473,47.57857934999998,-122.422252473,47.588579349999975,-122.42725247300001,47.58357934999998,0,0,,0,13
-122.432252_47.588579,-122.432252473,47.588579349999975,-122.422252473,47.59857934999997,-122.42725247300001,47.59357934999998,0,0,,0,14
-122.432252_47.598579,-122.432252473,47.59857934999997,-122.422252473,47.60857934999997,-122.42725247300001,47.603579349999976,0,0,,0,15
-122.432252_47.608579,-122.432252473,47.60857934999997,-122.422252473,47.61857934999997,-122.42725247300001,47.61357934999997,0,0,,0,16
-122.432252_47.618579,-122.432252473,47.61857934999997,-122.422252473,47.62857934999997,-122.42725247300001,47.62357934999997,0,0,,0,17
-122.432252_47.628579,-122.432252473,47.62857934999997,-122.422252473,47.638579349999965,-122.42725247300001,47.63357934999997,0,0,,0,18
-122.432252_47.638579,-122.432252473,47.638579349999965,-122.422252473,47.64857934999996,-122.42725247300001,47.64357934999997,0,0,,0,19
-122.432252_47.648579,-122.432252473,47.64857934999996,-122.422252473,47.65857934999996,-122.42725247300001,47.653579349999966,0,0,,0,20
-122.432252_47.658579,-122.432252473,47.65857934999996,-122.422252473,47.66857934999996,-122.42725247300001,47.663579349999964,0,0,,0,21
-122.432252_47.668579,-122.432252473,47.66857934999996,-122.422252473,47.67857934999996,-122.42725247300001,47.67357934999996,0,0,,0,22
-122.432252_47.678579,-122.432252473,47.67857934999996,-122.422252473,47.688579349999955,-122.42725247300001,47.68357934999996,0,0,,0,23
-122.432252_47.688579,-122.432252473,47.688579349999955,-122.422252473,47.69857934999995,-122.42725247300001,47.69357934999996,0,0,,0,24
-122.432252_47.698579,-122.432252473,47.69857934999995,-122.422252473,47.70857934999995,-122.42725247300001,47.703579349999956,0,0,,0,25
-122.432252_47.708579,-122.432252473,47.70857934999995,-122.422252473,47.71857934999995,-122.42725247300001,47.713579349999954,0,0,,0,26
-122.432252_47.718579,-122.432252473,47.71857934999995,-122.422252473,47.72857934999995,-122.42725247300001,47.72357934999995,0,0,,0,27
-122.432252_47.728579,-122.432252473,47.72857934999995,-122.422252473,47.738579349999945,-122.42725247300001,47.73357934999995,0,0,,0,28
-122.432252_47.738579,-122.432252473,47.738579349999945,-122.422252473,47.74857934999994,-122.42725247300001,47.74357934999995,0,0,,0,29
-122.432252_47.748579,-122.432252473,47.74857934999994,-122.422252473,47.75857934999994,-122.42725247300001,47.753579349999946,0,0,,0,30
-122.432252_47.758579,-122.432252473,47.75857934999994,-122.422252473,47.76857934999994,-122.42725247300001,47.763579349999944,0,0,,0,31
-122.432252_47.768579,-122.432252473,47.76857934999994,-122.422252473,47.77857934999994,-122.42725247300001,47.77357934999994,0,0,,0,32
-122.422252_47.448579,-122.422252473,47.44857935,-122.412252473,47.45857935,-122.417252473,47.453579350000005,0,0,,1,0
-122.422252_47.458579,-122.422252473,47.45857935,-122.412252473,47.46857935,-122.417252473,47.46357935,0,0,,1,1
-122.422252_47.468579,-122.422252473,47.46857935,-122.412252473,47.47857935,-122.417252473,47.47357935,0,0,,1,2
-122.422252_47.478579,-122.422252473,47.47857935,-122.412252473,47.488579349999995,-122.417252473,47.48357935,0,0,,1,3
-122.422252_47.488579,-122.422252473,47.488579349999995,-122.412252473,47.49857934999999,-122.417252473,47.49357935,0,0,,1,4
-122.422252_47.498579,-122.422252473,47.49857934999999,-122.412252473,47.50857934999999,-122.417252473,47.503579349999995,0,0,,1,5
-122.422252_47.508579,-122.422252473,47.50857934999999,-122.412252473,47.51857934999999,-122.417252473,47.51357934999999,0,0,,1,6
-122.422252_47.518579,-122.422252473,47.51857934999999,-122.412252473,47.52857934999999,-122.417252473,47.52357934999999,0,0,,1,7
-122.422252_47.528579,-122.422252473,47.52857934999999,-122.412252473,47.538579349999985,-122.417252473,47.53357934999999,0,0,,1,8
-122.422252_47.538579,-122.422252473,47.538579349999985,-122.412252473,47.54857934999998,-122.417252473,47.54357934999999,0,0,,1,9
-122.422252_47.548579,-122.422252473,47.54857934999998,-122.412252473,47.55857934999998,-122.417252473,47.553579349999985,0,0,,1,10
-122.422252_47.558579,-122.422252473,47.55857934999998,-122.412252473,47.56857934999998,-122.417252473,47.56357934999998,0,0,,1,11
-122.422252_47.568579,-122.422252473,47.56857934999998,-122.412252473,47.57857934999998,-122.417252473,47.57357934999998,0,0,,1,12
-122.422252_47.578579,-122.422252473,47.57857934999998,-122.412252473,47.588579349999975,-122.417252473,47.58357934999998,0,0,,1,13
-122.422252_47.588579,-122.422252473,47.588579349999975,-122.412252473,47.59857934999997,-122.417252473,47.59357934999998,0,0,,1,14
-122.422252_47.598579,-122.422252473,47.59857934999997,-122.412252473,47.60857934999997,-122.417252473,47.603579349999976,0,0,,1,15
-122.422252_47.608579,-122.422252473,47.60857934999997,-122.412252473,47.61857934999997,-122.417252473,47.61357934999997,0,0,,1,16
-122.422252_47.618579,-122.422252473,47.61857934999997,-122.412252473,47.62857934999997,-122.417252473,47.62357934999997,0,0,,1,17
-122.422252_47.628579,-122.422252473,47.62857934999997,-122.412252473,47.638579349999965,-122.417252473,47.63357934999997,0,0,,1,18
-122.422252_47.638579,-122.422252473,47.638579349999965,-122.412252473,47.64857934999996,-122.417252473,47.64357934999997,0,0,,1,19
-122.422252_47.648579,-122.422252473,47.64857934999996,-122.412252473,47.65857934999996,-122.417252473,47.653579349999966,0,0,,1,20
-122.422252_47.658579,-122.422252473,47.65857934999996,-122.412252473,47.66857934999996,-122.417252473,47.663579349999964,0,0,,1,21
-122.422252_47.668579,-122.422252473,47.66857934999996,-122.412252473,47.67857934999996,-122.417252473,47.67357934999996,0,0,,1,22
-122.422252_47.678579,-122.422252473,47.67857934999996,-122.412252473,47.688579349999955,-122.417252473,47.68357934999996,0,0,,1,23
-122.422252_47.688579,-122.422252473,47.688579349999955,-122.412252473,47.69857934999995,-122.417252473,47.69357934999996,0,0,,1,24
-122.422252_47.698579,-122.422252473,47.69857934999995,-122.412252473,47.70857934999995,-122.417252473,47.703579349999956,0,0,,1,25
-122.422252_47.708579,-122.422252473,47.70857934999995,-122.412252473,47.71857934999995,-122.417252473,47.713579349999954,0,0,,1,26
-122.422252_47.718579,-122.422252473,47.71857934999995,-122.412252473,47.72857934999995,-122.417252473,47.72357934999995,0,0,,1,27
-122.422252_47.728579,-122.422252473,47.72857934999995,-122.412252473,47.738579349999945,-122.417252473,47.73357934999995,0,0,,1,28
-122.422252_47.738579,-122.422252473,47.738579349999945,-122.412252473,47.74857934999994,-122.417252473,47.74357934999995,0,0,,1,29
-122.422252_47.748579,-122.422252473,47.74857934999994,-122.412252473,47.75857934999994,-122.417252473,47.753579349999946,0,0,,1,30
-122.422252_47.758579,-122.422252473,47.75857934999994,-122.412252473,47.76857934999994,-122.417252473,47.763579349999944,0,0,,1,31
-122.422252_47.768579,-122.422252473,47.76857934999994,-122.412252473,47.77857934999994,-122.417252473,47.77357934999994,0,0,,1,32
-122.412252_47.448579,-122.412252473,47.44857935,-122.40225247299999,47.45857935,-122.407252473,47.453579350000005,0,0,,2,0
-122.412252_47.458579,-122.412252473,47.45857935,-122.40225247299999,47.46857935,-122.407252473,47.46357935,0,0,,2,1
-122.412252_47.468579,-122.412252473,47.46857935,-122.40225247299999,47.47857935,-122.407252473,47.47357935,0,0,,2,2
-122.412252_47.478579,-122.412252473,47.47857935,-122.40225247299999,47.488579349999995,-122.407252473,47.48357935,0,0,,2,3
-122.412252_47.488579,-122.412252473,47.488579349999995,-122.40225247299999,47.49857934999999,-122.407252473,47.49357935,0,0,,2,4
-122.412252_47.498579,-122.412252473,47.49857934999999,-122.40225247299999,47.50857934999999,-122.407252473,47.503579349999995,0,0,,2,5
-122.412252_47.508579,-122.412252473,47.50857934999999,-122.40225247299999,47.51857934999999,-122.407252473,47.51357934999999,0,0,,2,6
-122.412252_47.518579,-122.412252473,47.51857934999999,-122.40225247299999,47.52857934999999,-122.407252473,47.52357934999999,0,0,,2,7
-122.412252_47.528579,-122.412252473,47.52857934999999,-122.40225247299999,47.538579349999985,-122.407252473,47.53357934999999,0,0,,2,8
-122.412252_47.538579,-122.412252473,47.538579349999985,-122.40225247299999,47.54857934999998,-122.407252473,47.54357934999999,0,0,,2,9
-122.412252_47.548579,-122.412252473,47.54857934999998,-122.40225247299999,47.55857934999998,-122.407252473,47.553579349999985,0,0,,2,10
-122.412252_47.558579,-122.412252473,47.55857934999998,-122.40225247299999,47.56857934999998,-122.407252473,47.56357934999998,0,0,,2,11
-122.412252_47.568579,-122.412252473,47.56857934999998,-122.40225247299999,47.57857934999998,-122.407252473,47.57357934999998,0,0,,2,12
-122.412252_47.578579,-122.412252473,47.57857934999998,-122.40225247299999,47.588579349999975,-122.407252473,47.58357934999998,0,0,,2,13
-122.412252_47.588579,-122.412252473,47.588579349999975,-122.40225247299999,47.59857934999997,-122.407252473,47.59357934999998,0,0,,2,14
-122.412252_47.598579,-122.412252473,47.59857934999997,-122.40225247299999,47.60857934999997,-122.407252473,47.603579349999976,0,0,,2,15
-122.412252_47.608579,-122.412252473,47.60857934999997,-122.40225247299999,47.61857934999997,-122.407252473,47.61357934999997,0,0,,2,16
-122.412252_47.618579,-122.412252473,47.61857934999997,-122.40225247299999,47.62857934999997,-122.407252473,47.62357934999997,0,0,,2,17
-122.412252_47.628579,-122.412252473,47.62857934999997,-122.40225247299999,47.638579349999965,-122.407252473,47.63357934999997,0,0,,2,18
-122.412252_47.638579,-122.412252473,47.638579349999965,-122.40225247299999,47.64857934999996,-122.407252473,47.64357934999997,0,0,,2,19
-122.412252_47.648579,-122.412252473,47.64857934999996,-122.40225247299999,47.65857934999996,-122.407252473,47.653579349999966,0,0,,2,20
-122.412252_47.658579,-122.412252473,47.65857934999996,-122.40225247299999,47.66857934999996,-122.407252473,47.663579349999964,0,0,,2,21
-122.412252_47.668579,-122.412252473,47.66857934999996,-122.40225247299999,47.67857934999996,-122.407252473,47.67357934999996,0,0,,2,22
-122.412252_47.678579,-122.412252473,47.67857934999996,-122.40225247299999,47.688579349999955,-122.407252473,47.68357934999996,0,0,,2,23
-122.412252_47.688579,-122.412252473,47.688579349999955,-122.40225247299999,47.69857934999995,-122.407252473,47.69357934999996,0,0,,2,24
-122.412252_47.698579,-122.412252473,47.69857934999995,-122.40225247299999,47.70857934999995,-122.407252473,47.703579349999956,0,0,,2,25
-122.412252_47.708579,-122.412252473,47.70857934999995,-122.40225247299999,47.71857934999995,-122.407252473,47.713579349999954,0,0,,2,26
-122.412252_47.718579,-122.412252473,47.71857934999995,-122.40225247299999,47.72857934999995,-122.407252473,47.72357934999995,0,0,,2,27
-122.412252_47.728579,-122.412252473,47.72857934999995,-122.40225247299999,47.738579349999945,-122.407252473,47.73357934999995,0,0,,2,28
-122.412252_47.738579,-122.412252473,47.738579349999945,-122.40225247299999,47.74857934999994,-122.407252473,47.74357934999995,0,0,,2,29
-122.412252_47.748579,-122.412252473,47.74857934999994,-122.40225247299999,47.75857934999994,-122.407252473,47.753579349999946,0,0,,2,30
-122.412252_47.758579,-122.412252473,47.75857934999994,-122.40225247299999,47.76857934999994,-122.407252473,47.763579349999944,0,0,,2,31
-122.412252_47.768579,-122.412252473,47.76857934999994,-122.40225247299999,47.77857934999994,-122.407252473,47.77357934999994,0,0,,2,32
-122.402252_47.448579,-122.40225247299999,47.44857935,-122.39225247299999,47.45857935,-122.397252473,47.453579350000005,0,0,,3,0
-122.402252_47.458579,-122.40225247299999,47.45857935,-122.39225247299999,47.46857935,-122.397252473,47.46357935,0,0,,3,1
-122.402252_47.468579,-122.40225247299999,47.46857935,-122.39225247299999,47.47857935,-122.397252473,47.47357935,0,0,,3,2
-122.402252_47.478579,-122.40225247299999,47.47857935,-122.39225247299999,47.488579349999995,-122.397252473,47.48357935,0,0,,3,3
-122.402252_47.488579,-122.40225247299999,47.488579349999995,-122.39225247299999,47.49857934999999,-122.397252473,47.49357935,0,0,,3,4
-122.402252_47.498579,-122.40225247299999,47.49857934999999,-122.39225247299999,47.50857934999999,-122.397252473,47.503579349999995,0,0,,3,5
-122.402252_47.508579,-122.40225247299999,47.50857934999999,-122.39225247299999,47.51857934999999,-122.397252473,47.51357934999999,0,0,,3,6
-122.402252_47.518579,-122.40225247299999,47.51857934999999,-122.39225247299999,47.52857934999999,-122.397252473,47.52357934999999,0,0,,3,7
-122.402252_47.528579,-122.40225247299999,47.52857934999999,-122.39225247299999,47.538579349999985,-122.397252473,47.53357934999999,0,0,,3,8
-122.402252_47.538579,-122.40225247299999,47.538579349999985,-122.39225247299999,47.54857934999998,-122.397252473,47.54357934999999,0,0,,3,9
-122.402252_47.548579,-122.40225247299999,47.54857934999998,-122.39225247299999,47.55857934999998,-122.397252473,47.553579349999985,0,0,,3,10
-122.402252_47.558579,-122.40225247299999,47.55857934999998,-122.39225247299999,47.56857934999998,-122.397252473,47.56357934999998,0,0,,3,11
-122.402252_47.568579,-122.40225247299999,47.56857934999998,-122.39225247299999,47.57857934999998,-122.397252473,47.57357934999998,0,0,,3,12
-122.402252_47.578579,-122.40225247299999,47.57857934999998,-122.39225247299999,47.588579349999975,-122.397252473,47.58357934999998,0,0,,3,13
-122.402252_47.588579,-122.40225247299999,47.588579349999975,-122.39225247299999,47.59857934999997,-122.397252473,47.59357934999998,0,0,,3,14
-122.402252_47.598579,-122.40225247299999,47.59857934999997,-122.39225247299999,47.60857934999997,-122.397252473,47.603579349999976,0,0,,3,15
-122.402252_47.608579,-122.40225247299999,47.60857934999997,-122.39225247299999,47.61857934999997,-122.397252473,47.61357934999997,0,0,,3,16
-122.402252_47.618579,-122.40225247299999,47.61857934999997,-122.39225247299999,47.62857934999997,-122.397252473,47.62357934999997,0,0,,3,17
-122.402252_47.628579,-122.40225247299999,47.62857934999997,-122.39225247299999,47.638579349999965,-122.397252473,47.63357934999997,0,0,,3,18
-122.402252_47.638579,-122.40225247299999,47.638579349999965,-122.39225247299999,47.64857934999996,-122.397252473,47.64357934999997,0,0,,3,19
-122.402252_47.648579,-122.40225247299999,47.64857934999996,-122.39225247299999,47.65857934999996,-122.397252473,47.653579349999966,0,0,,3,20
-122.402252_47.658579,-122.40225247299999,47.65857934999996,-122.39225247299999,47.66857934999996,-122.397252473,47.663579349999964,0,0,,3,21
-122.402252_47.668579,-122.40225247299999,47.66857934999996,-122.39225247299999,47.67857934999996,-122.397252473,47.67357934999996,0,0,,3,22
-122.402252_47.678579,-122.40225247299999,47.67857934999996,-122.39225247299999,47.688579349999955,-122.397252473,47.68357934999996,0,0,,3,23
-122.402252_47.688579,-122.40225247299999,47.688579349999955,-122.39225247299999,47.69857934999995,-122.397252473,47.69357934999996,0,0,,3,24
-122.402252_47.698579,-122.40225247299999,47.69857934999995,-122.39225247299999,47.70857934999995,-122.397252473,47.703579349999956,0,0,,3,25
-122.402252_47.708579,-122.40225247299999,47.70857934999995,-122.39225247299999,47.71857934999995,-122.397252473,47.713579349999954,0,0,,3,26
-122.402252_47.718579,-122.40225247299999,47.71857934999995,-122.39225247299999,47.72857934999995,-122.397252473,47.72357934999995,0,0,,3,27
-122.402252_47.728579,-122.40225247299999,47.72857934999995,-122.39225247299999,47.738579349999945,-122.397252473,47.73357934999995,0,0,,3,28
-122.402252_47.738579,-122.40225247299999,47.738579349999945,-122.39225247299999,47.74857934999994,-122.397252473,47.74357934999995,0,0,,3,29
-122.402252_47.748579,-122.40225247299999,47.74857934999994,-122.39225247299999,47.75857934999994,-122.397252473,47.753579349999946,0,0,,3,30
-122.402252_47.758579,-122.40225247299999,47.75857934999994,-122.39225247299999,47.76857934999994,-122.397252473,47.763579349999944,0,0,,3,31
-122.402252_47.768579,-122.40225247299999,47.76857934999994,-122.39225247299999,47.77857934999994,-122.397252473,47.77357934999994,0,0,,3,32
-122.392252_47.448579,-122.39225247299999,47.44857935,-122.38225247299998,47.45857935,-122.38725247299999,47.453579350000005,0,0,,4,0
-122.392252_47.458579,-122.39225247299999,47.45857935,-122.38225247299998,47.46857935,-122.38725247299999,47.46357935,0,0,,4,1
-122.392252_47.468579,-122.39225247299999,47.46857935,-122.38225247299998,47.47857935,-122.38725247299999,47.47357935,0,0,,4,2
-122.392252_47.478579,-122.39225247299999,47.47857935,-122.38225247299998,47.488579349999995,-122.38725247299999,47.48357935,0,0,,4,3
-122.392252_47.488579,-122.39225247299999,47.488579349999995,-122.38225247299998,47.49857934999999,-122.38725247299999,47.49357935,0,0,,4,4
-122.392252_47.498579,-122.39225247299999,47.49857934999999,-122.38225247299998,47.50857934999999,-122.38725247299999,47.503579349999995,0,0,,4,5
-122.392252_47.508579,-122.39225247299999,47.50857934999999,-122.38225247299998,47.51857934999999,-122.38725247299999,47.51357934999999,0,0,,4,6
-122.392252_47.518579,-122.39225247299999,47.51857934999999,-122.38225247299998,47.52857934999999,-122.38725247299999,47.52357934999999,0,0,,4,7
-122.392252_47.528579,-122.39225247299999,47.52857934999999,-122.38225247299998,47.538579349999985,-122.38725247299999,47.53357934999999,0,0,,4,8
-122.392252_47.538579,-122.39225247299999,47.538579349999985,-122.38225247299998,47.54857934999998,-122.38725247299999,47.54357934999999,0,0,,4,9
-122.392252_47.548579,-122.39225247299999,47.54857934999998,-122.38225247299998,47.55857934999998,-122.38725247299999,47.553579349999985,0,0,,4,10
-122.392252_47.558579,-122.39225247299999,47.55857934999998,-122.38225247299998,47.56857934999998,-122.38725247299999,47.56357934999998,0,0,,4,11
-122.392252_47.568579,-122.39225247299999,47.56857934999998,-122.38225247299998,47.57857934999998,-122.38725247299999,47.57357934999998,0,0,,4,12
-122.392252_47.578579,-122.39225247299999,47.57857934999998,-122.38225247299998,47.588579349999975,-122.38725247299999,47.58357934999998,0,0,,4,13
-122.392252_47.588579,-122.39225247299999,47.588579349999975,-122.38225247299998,47.59857934999997,-122.38725247299999,47.59357934999998,0,0,,4,14
-122.392252_47.598579,-122.39225247299999,47.59857934999997,-122.38225247299998,47.60857934999997,-122.38725247299999,47.603579349999976,0,0,,4,15
-122.392252_47.608579,-122.39225247299999,47.60857934999997,-122.38225247299998,47.61857934999997,-122.38725247299999,47.61357934999997,0,0,,4,16
-122.392252_47.618579,-122.39225247299999,47.61857934999997,-122.38225247299998,47.62857934999997,-122.38725247299999,47.62357934999997,0,0,,4,17
-122.392252_47.628579,-122.39225247299999,47.62857934999997,-122.38225247299998,47.638579349999965,-122.38725247299999,47.63357934999997,0,0,,4,18
-122.392252_47.638579,-122.39225247299999,47.638579349999965,-122.38225247299998,47.64857934999996,-122.38725247299999,47.64357934999997,0,0,,4,19
-122.392252_47.648579,-122.39225247299999,47.64857934999996,-122.38225247299998,47.65857934999996,-122.38725247299999,47.653579349999966,0,0,,4,20
-122.392252_47.658579,-122.39225247299999,47.65857934999996,-122.38225247299998,47.66857934999996,-122.38725247299999,47.663579349999964,0,0,,4,21
-122.392252_47.668579,-122.39225247299999,47.66857934999996,-122.38225247299998,47.67857934999996,-122.38725247299999,47.67357934999996,0,0,,4,22
-122.392252_47.678579,-122.39225247299999,47.67857934999996,-122.38225247299998,47.688579349999955,-122.38725247299999,47.68357934999996,0,0,,4,23
-122.392252_47.688579,-122.39225247299999,47.688579349999955,-122.38225247299998,47.69857934999995,-122.38725247299999,47.69357934999996,0,0,,4,24
-122.392252_47.698579,-122.39225247299999,47.69857934999995,-122.38225247299998,47.70857934999995,-122.38725247299999,47.703579349999956,0,0,,4,25
-122.392252_47.708579,-122.39225247299999,47.70857934999995,-122.38225247299998,47.71857934999995,-122.38725247299999,47.713579349999954,0,0,,4,26
-122.392252_47.718579,-122.39225247299999,47.71857934999995,-122.38225247299998,47.72857934999995,-122.38725247299999,47.72357934999995,0,0,,4,27
-122.392252_47.728579,-122.39225247299999,47.72857934999995,-122.38225247299998,47.738579349999945,-122.38725247299999,47.73357934999995,0,0,,4,28
-122.392252_47.738579,-122.39225247299999,47.738579349999945,-122.38225247299998,47.74857934999994,-122.38725247299999,47.74357934999995,0,0,,4,29
-122.392252_47.748579,-122.39225247299999,47.74857934999994,-122.38225247299998,47.75857934999994,-122.38725247299999,47.753579349999946,0,0,,4,30
-122.392252_47.758579,-122.39225247299999,47.75857934999994,-122.38225247299998,47.76857934999994,-122.38725247299999,47.763579349999944,0,0,,4,31
-122.392252_47.768579,-122.39225247299999,47.76857934999994,-122.38225247299998,47.77857934999994,-122.38725247299999,47.77357934999994,0,0,,4,32
-122.382252_47.448579,-122.38225247299998,47.44857935,-122.37225247299997,47.45857935,-122.37725247299998,47.453579350000005,0,0,,5,0
-122.382252_47.458579,-122.38225247299998,47.45857935,-122.37225247299997,47.46857935,-122.37725247299998,47.46357935,0,0,,5,1
-122.382252_47.468579,-122.38225247299998,47.46857935,-122.37225247299997,47.47857935,-122.37725247299998,47.47357935,0,0,,5,2
-122.382252_47.478579,-122.38225247299998,47.47857935,-122.37225247299997,47.488579349999995,-122.37725247299998,47.48357935,0,0,,5,3
-122.382252_47.488579,-122.38225247299998,47.488579349999995,-122.37225247299997,47.49857934999999,-122.37725247299998,47.49357935,0,0,,5,4
-122.382252_47.498579,-122.38225247299998,47.49857934999999,-122.37225247299997,47.50857934999999,-122.37725247299998,47.503579349999995,0,0,,5,5
-122.382252_47.508579,-122.38225247299998,47.50857934999999,-122.37225247299997,47.51857934999999,-122.37725247299998,47.51357934999999,0,0,,5,6
-122.382252_47.518579,-122.38225247299998,47.51857934999999,-122.37225247299997,47.52857934999999,-122.37725247299998,47.52357934999999,0,0,,5,7
-122.382252_47.528579,-122.38225247299998,47.52857934999999,-122.37225247299997,47.538579349999985,-122.37725247299998,47.53357934999999,0,0,,5,8
-122.382252_47.538579,-122.38225247299998,47.538579349999985,-122.37225247299997,47.54857934999998,-122.37725247299998,47.54357934999999,0,0,,5,9
-122.382252_47.548579,-122.38225247299998,47.54857934999998,-122.37225247299997,47.55857934999998,-122.37725247299998,47.553579349999985,0,0,,5,10
-122.382252_47.558579,-122.38225247299998,47.55857934999998,-122.37225247299997,47.56857934999998,-122.37725247299998,47.56357934999998,0,0,,5,11
-122.382252_47.568579,-122.38225247299998,47.56857934999998,-122.37225247299997,47.57857934999998,-122.37725247299998,47.57357934999998,0,0,,5,12
-122.382252_47.578579,-122.38225247299998,47.57857934999998,-122.37225247299997,47.588579349999975,-122.37725247299998,47.58357934999998,0,0,,5,13
-122.382252_47.588579,-122.38225247299998,47.588579349999975,-122.37225247299997,47.59857934999997,-122.37725247299998,47.59357934999998,0,0,,5,14
-122.382252_47.598579,-122.38225247299998,47.59857934999997,-122.37225247299997,47.60857934999997,-122.37725247299998,47.603579349999976,0,0,,5,15
-122.382252_47.608579,-122.38225247299998,47.60857934999997,-122.37225247299997,47.61857934999997,-122.37725247299998,47.61357934999997,0,0,,5,16
-122.382252_47.618579,-122.38225247299998,47.61857934999997,-122.37225247299997,47.62857934999997,-122.37725247299998,47.62357934999997,0,0,,5,17
-122.382252_47.628579,-122.38225247299998,47.62857934999997,-122.37225247299997,47.638579349999965,-122.37725247299998,47.63357934999997,0,0,,5,18
-122.382252_47.638579,-122.38225247299998,47.638579349999965,-122.37225247299997,47.64857934999996,-122.37725247299998,47.64357934999997,0,0,,5,19
-122.382252_47.648579,-122.38225247299998,47.64857934999996,-122.37225247299997,47.65857934999996,-122.37725247299998,47.653579349999966,0,0,,5,20
-122.382252_47.658579,-122.38225247299998,47.65857934999996,-122.37225247299997,47.66857934999996,-122.37725247299998,47.663579349999964,0,0,,5,21
-122.382252_47.668579,-122.38225247299998,47.66857934999996,-122.37225247299997,47.67857934999996,-122.37725247299998,47.67357934999996,0,0,,5,22
-122.382252_47.678579,-122.38225247299998,47.67857934999996,-122.37225247299997,47.688579349999955,-122.37725247299998,47.68357934999996,0,0,,5,23
-122.382252_47.688579,-122.38225247299998,47.688579349999955,-122.37225247299997,47.69857934999995,-122.37725247299998,47.69357934999996,0,0,,5,24
-122.382252_47.698579,-122.38225247299998,47.69857934999995,-122.37225247299997,47.70857934999995,-122.37725247299998,47.703579349999956,0,0,,5,25
-122.382252_47.708579,-122.38225247299998,47.70857934999995,-122.37225247299997,47.71857934999995,-122.37725247299998,47.713579349999954,0,0,,5,26
-122.382252_47.718579,-122.38225247299998,47.71857934999995,-122.37225247299997,47.72857934999995,-122.37725247299998,47.72357934999995,0,0,,5,27
-122.382252_47.728579,-122.38225247299998,47.72857934999995,-122.37225247299997,47.738579349999945,-122.37725247299998,47.73357934999995,0,0,,5,28
-122.382252_47.738579,-122.38225247299998,47.738579349999945,-122.37225247299997,47.74857934999994,-122.37725247299998,47.74357934999995,0,0,,5,29
-122.382252_47.748579,-122.38225247299998,47.74857934999994,-122.37225247299997,47.75857934999994,-122.37725247299998,47.753579349999946,0,0,,5,30
-122.382252_47.758579,-122.38225247299998,47.75857934999994,-122.37225247299997,47.76857934999994,-122.37725247299998,47.763579349999944,0,0,,5,31
-122.382252_47.768579,-122.38225247299998,47.76857934999994,-122.37225247299997,47.77857934999994,-122.37725247299998,47.77357934999994,0,0,,5,32
-122.372252_47.448579,-122.37225247299997,47.44857935,-122.36225247299997,47.45857935,-122.36725247299998,47.453579350000005,0,0,,6,0
-122.372252_47.458579,-122.37225247299997,47.45857935,-122.36225247299997,47.46857935,-122.36725247299998,47.46357935,0,0,,6,1
-122.372252_47.468579,-122.37225247299997,47.46857935,-122.36225247299997,47.47857935,-122.36725247299998,47.47357935,0,0,,6,2
-122.372252_47.478579,-122.37225247299997,47.47857935,-122.36225247299997,47.488579349999995,-122.36725247299998,47.48357935,0,0,,6,3
-122.372252_47.488579,-122.37225247299997,47.488579349999995,-122.36225247299997,47.49857934999999,-122.36725247299998,47.49357935,0,0,,6,4
-122.372252_47.498579,-122.37225247299997,47.49857934999999,-122.36225247299997,47.50857934999999,-122.36725247299998,47.503579349999995,0,0,,6,5
-122.372252_47.508579,-122.37225247299997,47.50857934999999,-122.36225247299997,47.51857934999999,-122.36725247299998,47.51357934999999,0,0,,6,6
-122.372252_47.518579,-122.37225247299997,47.51857934999999,-122.36225247299997,47.52857934999999,-122.36725247299998,47.52357934999999,0,0,,6,7
-122.372252_47.528579,-122.37225247299997,47.52857934999999,-122.36225247299997,47.538579349999985,-122.36725247299998,47.53357934999999,0,0,,6,8
-122.372252_47.538579,-122.37225247299997,47.538579349999985,-122.36225247299997,47.54857934999998,-122.36725247299998,47.54357934999999,0,0,,6,9
-122.372252_47.548579,-122.37225247299997,47.54857934999998,-122.36225247299997,47.55857934999998,-122.36725247299998,47.553579349999985,0,0,,6,10
-122.372252_47.558579,-122.37225247299997,47.55857934999998,-122.36225247299997,47.56857934999998,-122.36725247299998,47.56357934999998,0,0,,6,11
-122.372252_47.568579,-122.37225247299997,47.56857934999998,-122.36225247299997,47.57857934999998,-122.36725247299998,47.57357934999998,0,0,,6,12
-122.372252_47.578579,-122.37225247299997,47.57857934999998,-122.36225247299997,47.588579349999975,-122.36725247299998,47.58357934999998,0,0,,6,13
-122.372252_47.588579,-122.37225247299997,47.588579349999975,-122.36225247299997,47.59857934999997,-122.36725247299998,47.59357934999998,0,0,,6,14
-122.372252_47.598579,-122.37225247299997,47.59857934999997,-122.36225247299997,47.60857934999997,-122.36725247299998,47.603579349999976,0,0,,6,15
-122.372252_47.608579,-122.37225247299997,47.60857934999997,-122.36225247299997,47.61857934999997,-122.36725247299998,47.61357934999997,0,0,,6,16
-122.372252_47.618579,-122.37225247299997,47.61857934999997,-122.36225247299997,47.62857934999997,-122.36725247299998,47.62357934999997,0,0,,6,17
-122.372252_47.628579,-122.37225247299997,47.62857934999997,-122.36225247299997,47.638579349999965,-122.36725247299998,47.63357934999997,0,0,,6,18
-122.372252_47.638579,-122.37225247299997,47.638579349999965,-122.36225247299997,47.64857934999996,-122.36725247299998,47.64357934999997,0,0,,6,19
-122.372252_47.648579,-122.37225247299997,47.64857934999996,-122.36225247299997,47.65857934999996,-122.36725247299998,47.653579349999966,0,0,,6,20
-122.372252_47.658579,-122.37225247299997,47.65857934999996,-122.36225247299997,47.66857934999996,-122.36725247299998,47.663579349999964,0,0,,6,21
-122.372252_47.668579,-122.37225247299997,47.66857934999996,-122.36225247299997,47.67857934999996,-122.36725247299998,47.67357934999996,0,0,,6,22
-122.372252_47.678579,-122.37225247299997,47.67857934999996,-122.36225247299997,47.688579349999955,-122.36725247299998,47.68357934999996,0,0,,6,23
-122.372252_47.688579,-122.37225247299997,47.688579349999955,-122.36225247299997,47.69857934999995,-122.36725247299998,47.69357934999996,0,0,,6,24
-122.372252_47.698579,-122.37225247299997,47.69857934999995,-122.36225247299997,47.70857934999995,-122.36725247299998,47.703579349999956,0,0,,6,25
-122.372252_47.708579,-122.37225247299997,47.70857934999995,-122.36225247299997,47.71857934999995,-122.36725247299998,47.713579349999954,0,0,,6,26
-122.372252_47.718579,-122.37225247299997,47.71857934999995,-122.36225247299997,47.72857934999995,-122.36725247299998,47.72357934999995,0,0,,6,27
-122.372252_47.728579,-122.37225247299997,47.72857934999995,-122.36225247299997,47.738579349999945,-122.36725247299998,47.73357934999995,0,0,,6,28
-122.372252_47.738579,-122.37225247299997,47.738579349999945,-122.36225247299997,47.74857934999994,-122.36725247299998,47.74357934999995,0,0,,6,29
-122.372252_47.748579,-122.37225247299997,47.74857934999994,-122.36225247299997,47.75857934999994,-122.36725247299998,47.753579349999946,0,0,,6,30
-122.372252_47.758579,-122.37225247299997,47.75857934999994,-122.36225247299997,47.76857934999994,-122.36725247299998,47.763579349999944,0,0,,6,31
-122.372252_47.768579,-122.37225247299997,47.76857934999994,-122.36225247299997,47.77857934999994,-122.36725247299998,47.77357934999994,0,0,,6,32
-122.362252_47.448579,-122.36225247299997,47.44857935,-122.35225247299996,47.45857935,-122.35725247299997,47.453579350000005,0,0,,7,0
-122.362252_47.458579,-122.36225247299997,47.45857935,-122.35225247299996,47.46857935,-122.35725247299997,47.46357935,0,0,,7,1
-122.362252_47.468579,-122.36225247299997,47.46857935,-122.35225247299996,47.47857935,-122.35725247299997,47.47357935,0,0,,7,2
-122.362252_47.478579,-122.36225247299997,47.47857935,-122.35225247299996,47.488579349999995,-122.35725247299997,47.48357935,0,0,,7,3
-122.362252_47.488579,-122.36225247299997,47.488579349999995,-122.35225247299996,47.49857934999999,-122.35725247299997,47.49357935,0,0,,7,4
-122.362252_47.498579,-122.36225247299997,47.49857934999999,-122.35225247299996,47.50857934999999,-122.35725247299997,47.503579349999995,0,0,,7,5
-122.362252_47.508579,-122.36225247299997,47.50857934999999,-122.35225247299996,47.51857934999999,-122.35725247299997,47.51357934999999,0,0,,7,6
-122.362252_47.518579,-122.36225247299997,47.51857934999999,-122.35225247299996,47.52857934999999,-122.35725247299997,47.52357934999999,0,0,,7,7
-122.362252_47.528579,-122.36225247299997,47.52857934999999,-122.35225247299996,47.538579349999985,-122.35725247299997,47.53357934999999,0,0,,7,8
-122.362252_47.538579,-122.36225247299997,47.538579349999985,-122.35225247299996,47.54857934999998,-122.35725247299997,47.54357934999999,0,0,,7,9
-122.362252_47.548579,-122.36225247299997,47.54857934999998,-122.35225247299996,47.55857934999998,-122.35725247299997,47.553579349999985,0,0,,7,10
-122.362252_47.558579,-122.36225247299997,47.55857934999998,-122.35225247299996,47.56857934999998,-122.35725247299997,47.56357934999998,0,0,,7,11
-122.362252_47.568579,-122.36225247299997,47.56857934999998,-122.35225247299996,47.57857934999998,-122.35725247299997,47.57357934999998,0,0,,7,12
-122.362252_47.578579,-122.36225247299997,47.57857934999998,-122.35225247299996,47.588579349999975,-122.35725247299997,47.58357934999998,0,0,,7,13
-122.362252_47.588579,-122.36225247299997,47.588579349999975,-122.35225247299996,47.59857934999997,-122.35725247299997,47.59357934999998,0,0,,7,14
-122.362252_47.598579,-122.36225247299997,47.59857934999997,-122.35225247299996,47.60857934999997,-122.35725247299997,47.603579349999976,0,0,,7,15
-122.362252_47.608579,-122.36225247299997,47.60857934999997,-122.35225247299996,47.61857934999997,-122.35725247299997,47.61357934999997,0,0,,7,16
-122.362252_47.618579,-122.36225247299997,47.61857934999997,-122.35225247299996,47.62857934999997,-122.35725247299997,47.62357934999997,0,0,,7,17
-122.362252_47.628579,-122.36225247299997,47.62857934999997,-122.35225247299996,47.638579349999965,-122.35725247299997,47.63357934999997,0,0,,7,18
-122.362252_47.638579,-122.36225247299997,47.638579349999965,-122.35225247299996,47.64857934999996,-122.35725247299997,47.64357934999997,0,0,,7,19
-122.362252_47.648579,-122.36225247299997,47.64857934999996,-122.35225247299996,47.65857934999996,-122.35725247299997,47.653579349999966,0,0,,7,20
-122.362252_47.658579,-122.36225247299997,47.65857934999996,-122.35225247299996,47.66857934999996,-122.35725247299997,47.663579349999964,0,0,,7,21
-122.362252_47.668579,-122.36225247299997,47.66857934999996,-122.35225247299996,47.67857934999996,-122.35725247299997,47.67357934999996,0,0,,7,22
-122.362252_47.678579,-122.36225247299997,47.67857934999996,-122.35225247299996,47.688579349999955,-122.35725247299997,47.68357934999996,0,0,,7,23
-122.362252_47.688579,-122.36225247299997,47.688579349999955,-122.35225247299996,47.69857934999995,-122.35725247299997,47.69357934999996,0,0,,7,24
-122.362252_47.698579,-122.36225247299997,47.69857934999995,-122.35225247299996,47.70857934999995,-122.35725247299997,47.703579349999956,0,0,,7,25
-122.362252_47.708579,-122.36225247299997,47.70857934999995,-122.35225247299996,47.71857934999995,-122.35725247299997,47.713579349999954,0,0,,7,26
-122.362252_47.718579,-122.36225247299997,47.71857934999995,-122.35225247299996,47.72857934999995,-122.35725247299997,47.72357934999995,0,0,,7,27
-122.362252_47.728579,-122.36225247299997,47.72857934999995,-122.35225247299996,47.738579349999945,-122.35725247299997,47.73357934999995,0,0,,7,28
-122.362252_47.738579,-122.36225247299997,47.738579349999945,-122.35225247299996,47.74857934999994,-122.35725247299997,47.74357934999995,0,0,,7,29
-122.362252_47.748579,-122.36225247299997,47.74857934999994,-122.35225247299996,47.75857934999994,-122.35725247299997,47.753579349999946,0,0,,7,30
-122.362252_47.758579,-122.36225247299997,47.75857934999994,-122.35225247299996,47.76857934999994,-122.35725247299997,47.763579349999944,0,0,,7,31
-122.362252_47.768579,-122.36225247299997,47.76857934999994,-122.35225247299996,47.77857934999994,-122.35725247299997,47.77357934999994,0,0,,7,32
-122.352252_47.448579,-122.35225247299996,47.44857935,-122.34225247299996,47.45857935,-122.34725247299997,47.453579350000005,0,0,,8,0
-122.352252_47.458579,-122.35225247299996,47.45857935,-122.34225247299996,47.46857935,-122.34725247299997,47.46357935,0,0,,8,1
-122.352252_47.468579,-122.35225247299996,47.46857935,-122.34225247299996,47.47857935,-122.34725247299997,47.47357935,0,0,,8,2
-122.352252_47.478579,-122.35225247299996,47.47857935,-122.34225247299996,47.488579349999995,-122.34725247299997,47.48357935,0,0,,8,3
-122.352252_47.488579,-122.35225247299996,47.488579349999995,-122.34225247299996,47.49857934999999,-122.34725247299997,47.49357935,0,0,,8,4
-122.352252_47.498579,-122.35225247299996,47.49857934999999,-122.34225247299996,47.50857934999999,-122.34725247299997,47.503579349999995,0,0,,8,5
-122.352252_47.508579,-122.35225247299996,47.50857934999999,-122.34225247299996,47.51857934999999,-122.34725247299997,47.51357934999999,0,0,,8,6
-122.352252_47.518579,-122.35225247299996,47.51857934999999,-122.34225247299996,47.52857934999999,-122.34725247299997,47.52357934999999,0,0,,8,7
-122.352252_47.528579,-122.35225247299996,47.52857934999999,-122.34225247299996,47.538579349999985,-122.34725247299997,47.53357934999999,0,0,,8,8
-122.352252_47.538579,-122.35225247299996,47.538579349999985,-122.34225247299996,47.54857934999998,-122.34725247299997,47.54357934999999,0,0,,8,9
-122.352252_47.548579,-122.35225247299996,47.54857934999998,-122.34225247299996,47.55857934999998,-122.34725247299997,47.553579349999985,0,0,,8,10
-122.352252_47.558579,-122.35225247299996,47.55857934999998,-122.34225247299996,47.56857934999998,-122.34725247299997,47.56357934999998,0,0,,8,11
-122.352252_47.568579,-122.35225247299996,47.56857934999998,-122.34225247299996,47.57857934999998,-122.34725247299997,47.57357934999998,0,0,,8,12
-122.352252_47.578579,-122.35225247299996,47.57857934999998,-122.34225247299996,47.588579349999975,-122.34725247299997,47.58357934999998,0,0,,8,13
-122.352252_47.588579,-122.35225247299996,47.588579349999975,-122.34225247299996,47.59857934999997,-122.34725247299997,47.59357934999998,0,0,,8,14
-122.352252_47.598579,-122.35225247299996,47.59857934999997,-122.34225247299996,47.60857934999997,-122.34725247299997,47.603579349999976,0,0,,8,15
-122.352252_47.608579,-122.35225247299996,47.60857934999997,-122.34225247299996,47.61857934999997,-122.34725247299997,47.61357934999997,0,0,,8,16
-122.352252_47.618579,-122.35225247299996,47.61857934999997,-122.34225247299996,47.62857934999997,-122.34725247299997,47.62357934999997,0,0,,8,17
-122.352252_47.628579,-122.35225247299996,47.62857934999997,-122.34225247299996,47.638579349999965,-122.34725247299997,47.63357934999997,0,0,,8,18
-122.352252_47.638579,-122.35225247299996,47.638579349999965,-122.34225247299996,47.64857934999996,-122.34725247299997,47.64357934999997,0,0,,8,19
-122.352252_47.648579,-122.35225247299996,47.64857934999996,-122.34225247299996,47.65857934999996,-122.34725247299997,47.653579349999966,0,0,,8,20
-122.352252_47.658579,-122.35225247299996,47.65857934999996,-122.34225247299996,47.66857934999996,-122.34725247299997,47.663579349999964,0,0,,8,21
-122.352252_47.668579,-122.35225247299996,47.66857934999996,-122.34225247299996,47.67857934999996,-122.34725247299997,47.67357934999996,0,0,,8,22
-122.352252_47.678579,-122.35225247299996,47.67857934999996,-122.34225247299996,47.688579349999955,-122.34725247299997,47.68357934999996,0,0,,8,23
-122.352252_47.688579,-122.35225247299996,47.688579349999955,-122.34225247299996,47.69857934999995,-122.34725247299997,47.69357934999996,0,0,,8,24
-122.352252_47.698579,-122.35225247299996,47.69857934999995,-122.34225247299996,47.70857934999995,-122.34725247299997,47.703579349999956,0,0,,8,25
-122.352252_47.708579,-122.35225247299996,47.70857934999995,-122.34225247299996,47.71857934999995,-122.34725247299997,47.713579349999954,0,0,,8,26
-122.352252_47.718579,-122.35225247299996,47.71857934999995,-122.34225247299996,47.72857934999995,-122.34725247299997,47.72357934999995,0,0,,8,27
-122.352252_47.728579,-122.35225247299996,47.72857934999995,-122.34225247299996,47.738579349999945,-122.34725247299997,47.73357934999995,0,0,,8,28
-122.352252_47.738579,-122.35225247299996,47.738579349999945,-122.34225247299996,47.74857934999994,-122.34725247299997,47.74357934999995,0,0,,8,29
-122.352252_47.748579,-122.35225247299996,47.74857934999994,-122.34225247299996,47.75857934999994,-122.34725247299997,47.753579349999946,0,0,,8,30
-122.352252_47.758579,-122.35225247299996,47.75857934999994,-122.34225247299996,47.76857934999994,-122.34725247299997,47.763579349999944,0,0,,8,31
-122.352252_47.768579,-122.35225247299996,47.76857934999994,-122.34225247299996,47.77857934999994,-122.34725247299997,47.77357934999994,0,0,,8,32
-122.342252_47.448579,-122.34225247299996,47.44857935,-122.33225247299995,47.45857935,-122.33725247299996,47.453579350000005,0,0,,9,0
-122.342252_47.458579,-122.34225247299996,47.45857935,-122.33225247299995,47.46857935,-122.33725247299996,47.46357935,0,0,,9,1
-122.342252_47.468579,-122.34225247299996,47.46857935,-122.33225247299995,47.47857935,-122.33725247299996,47.47357935,0,0,,9,2
-122.342252_47.478579,-122.34225247299996,47.47857935,-122.33225247299995,47.488579349999995,-122.33725247299996,47.48357935,0,0,,9,3
-122.342252_47.488579,-122.34225247299996,47.488579349999995,-122.33225247299995,47.49857934999999,-122.33725247299996,47.49357935,0,0,,9,4
-122.342252_47.498579,-122.34225247299996,47.49857934999999,-122.33225247299995,47.50857934999999,-122.33725247299996,47.503579349999995,0,0,,9,5
-122.342252_47.508579,-122.34225247299996,47.50857934999999,-122.33225247299995,47.51857934999999,-122.33725247299996,47.51357934999999,0,0,,9,6
-122.342252_47.518579,-122.34225247299996,47.51857934999999,-122.33225247299995,47.52857934999999,-122.33725247299996,47.52357934999999,0,0,,9,7
-122.342252_47.528579,-122.34225247299996,47.52857934999999,-122.33225247299995,47.538579349999985,-122.33725247299996,47.53357934999999,0,0,,9,8
-122.342252_47.538579,-122.34225247299996,47.538579349999985,-122.33225247299995,47.54857934999998,-122.33725247299996,47.54357934999999,0,0,,9,9
-122.342252_47.548579,-122.34225247299996,47.54857934999998,-122.33225247299995,47.55857934999998,-122.33725247299996,47.553579349999985,0,0,,9,10
-122.342252_47.558579,-122.34225247299996,47.55857934999998,-122.33225247299995,47.56857934999998,-122.33725247299996,47.56357934999998,0,0,,9,11
-122.342252_47.568579,-122.34225247299996,47.56857934999998,-122.33225247299995,47.57857934999998,-122.33725247299996,47.57357934999998,0,0,,9,12
-122.342252_47.578579,-122.34225247299996,47.57857934999998,-122.33225247299995,47.588579349999975,-122.33725247299996,47.58357934999998,0,0,,9,13
-122.342252_47.588579,-122.34225247299996,47.588579349999975,-122.33225247299995,47.59857934999997,-122.33725247299996,47.59357934999998,0,0,,9,14
-122.342252_47.598579,-122.34225247299996,47.59857934999997,-122.33225247299995,47.60857934999997,-122.33725247299996,47.603579349999976,0,0,,9,15
-122.342252_47.608579,-122.34225247299996,47.60857934999997,-122.33225247299995,47.61857934999997,-122.33725247299996,47.61357934999997,0,0,,9,16
-122.342252_47.618579,-122.34225247299996,47.61857934999997,-122.33225247299995,47.62857934999997,-122.33725247299996,47.62357934999997,0,0,,9,17
-122.342252_47.628579,-122.34225247299996,47.62857934999997,-122.33225247299995,47.638579349999965,-122.33725247299996,47.63357934999997,0,0,,9,18
-122.342252_47.638579,-122.34225247299996,47.638579349999965,-122.33225247299995,47.64857934999996,-122.33725247299996,47.64357934999997,0,0,,9,19
-122.342252_47.648579,-122.34225247299996,47.64857934999996,-122.33225247299995,47.65857934999996,-122.33725247299996,47.653579349999966,0,0,,9,20
-122.342252_47.658579,-122.34225247299996,47.65857934999996,-122.33225247299995,47.66857934999996,-122.33725247299996,47.663579349999964,0,0,,9,21
-122.342252_47.668579,-122.34225247299996,47.66857934999996,-122.33225247299995,47.67857934999996,-122.33725247299996,47.67357934999996,0,0,,9,22
-122.342252_47.678579,-122.34225247299996,47.67857934999996,-122.33225247299995,47.688579349999955,-122.33725247299996,47.68357934999996,0,0,,9,23
-122.342252_47.688579,-122.34225247299996,47.688579349999955,-122.33225247299995,47.69857934999995,-122.33725247299996,47.69357934999996,0,0,,9,24
-122.342252_47.698579,-122.34225247299996,47.69857934999995,-122.33225247299995,47.70857934999995,-122.33725247299996,47.703579349999956,0,0,,9,25
-122.342252_47.708579,-122.34225247299996,47.70857934999995,-122.33225247299995,47.71857934999995,-122.33725247299996,47.713579349999954,0,0,,9,26
-122.342252_47.718579,-122.34225247299996,47.71857934999995,-122.33225247299995,47.72857934999995,-122.33725247299996,47.72357934999995,0,0,,9,27
-122.342252_47.728579,-122.34225247299996,47.72857934999995,-122.33225247299995,47.738579349999945,-122.33725247299996,47.73357934999995,0,0,,9,28
-122.342252_47.738579,-122.34225247299996,47.738579349999945,-122.33225247299995,47.74857934999994,-122.33725247299996,47.74357934999995,0,0,,9,29
-122.342252_47.748579,-122.34225247299996,47.74857934999994,-122.33225247299995,47.75857934999994,-122.33725247299996,47.753579349999946,0,0,,9,30
-122.342252_47.758579,-122.34225247299996,47.75857934999994,-122.33225247299995,47.76857934999994,-122.33725247299996,47.763579349999944,0,0,,9,31
-122.342252_47.768579,-122.34225247299996,47.76857934999994,-122.33225247299995,47.77857934999994,-122.33725247299996,47.77357934999994,0,0,,9,32
-122.332252_47.448579,-122.33225247299995,47.44857935,-122.32225247299995,47.45857935,-122.32725247299996,47.453579350000005,0,0,,10,0
-122.332252_47.458579,-122.33225247299995,47.45857935,-122.32225247299995,47.46857935,-122.32725247299996,47.46357935,0,0,,10,1
-122.332252_47.468579,-122.33225247299995,47.46857935,-122.32225247299995,47.47857935,-122.32725247299996,47.47357935,0,0,,10,2
-122.332252_47.478579,-122.33225247299995,47.47857935,-122.32225247299995,47.488579349999995,-122.32725247299996,47.48357935,0,0,,10,3
-122.332252_47.488579,-122.33225247299995,47.488579349999995,-122.32225247299995,47.49857934999999,-122.32725247299996,47.49357935,0,0,,10,4
-122.332252_47.498579,-122.33225247299995,47.49857934999999,-122.32225247299995,47.50857934999999,-122.32725247299996,47.503579349999995,0,0,,10,5
-122.332252_47.508579,-122.33225247299995,47.50857934999999,-122.32225247299995,47.51857934999999,-122.32725247299996,47.51357934999999,0,0,,10,6
-122.332252_47.518579,-122.33225247299995,47.51857934999999,-122.32225247299995,47.52857934999999,-122.32725247299996,47.52357934999999,0,0,,10,7
-122.332252_47.528579,-122.33225247299995,47.52857934999999,-122.32225247299995,47.538579349999985,-122.32725247299996,47.53357934999999,0,0,,10,8
-122.332252_47.538579,-122.33225247299995,47.538579349999985,-122.32225247299995,47.54857934999998,-122.32725247299996,47.54357934999999,0,0,,10,9
-122.332252_47.548579,-122.33225247299995,47.54857934999998,-122.32225247299995,47.55857934999998,-122.32725247299996,47.553579349999985,0,0,,10,10
-122.332252_47.558579,-122.33225247299995,47.55857934999998,-122.32225247299995,47.56857934999998,-122.32725247299996,47.56357934999998,0,0,,10,11
-122.332252_47.568579,-122.33225247299995,47.56857934999998,-122.32225247299995,47.57857934999998,-122.32725247299996,47.57357934999998,0,0,,10,12
-122.332252_47.578579,-122.33225247299995,47.57857934999998,-122.32225247299995,47.588579349999975,-122.32725247299996,47.58357934999998,0,0,,10,13
-122.332252_47.588579,-122.33225247299995,47.588579349999975,-122.32225247299995,47.59857934999997,-122.32725247299996,47.59357934999998,0,0,,10,14
-122.332252_47.598579,-122.33225247299995,47.59857934999997,-122.32225247299995,47.60857934999997,-122.32725247299996,47.603579349999976,0,0,,10,15
-122.332252_47.608579,-122.33225247299995,47.60857934999997,-122.32225247299995,47.61857934999997,-122.32725247299996,47.61357934999997,0,0,,10,16
-122.332252_47.618579,-122.33225247299995,47.61857934999997,-122.32225247299995,47.62857934999997,-122.32725247299996,47.62357934999997,0,0,,10,17
-122.332252_47.628579,-122.33225247299995,47.62857934999997,-122.32225247299995,47.638579349999965,-122.32725247299996,47.63357934999997,0,0,,10,18
-122.332252_47.638579,-122.33225247299995,47.638579349999965,-122.32225247299995,47.64857934999996,-122.32725247299996,47.64357934999997,0,0,,10,19
-122.332252_47.648579,-122.33225247299995,47.64857934999996,-122.32225247299995,47.65857934999996,-122.32725247299996,47.653579349999966,0,0,,10,20
-122.332252_47.658579,-122.33225247299995,47.65857934999996,-122.32225247299995,47.66857934999996,-122.32725247299996,47.663579349999964,0,0,,10,21
-122.332252_47.668579,-122.33225247299995,47.66857934999996,-122.32225247299995,47.67857934999996,-122.32725247299996,47.67357934999996,0,0,,10,22
-122.332252_47.678579,-122.33225247299995,47.67857934999996,-122.32225247299995,47.688579349999955,-122.32725247299996,47.68357934999996,0,0,,10,23
-122.332252_47.688579,-122.33225247299995,47.688579349999955,-122.32225247299995,47.69857934999995,-122.32725247299996,47.69357934999996,0,0,,10,24
-122.332252_47.698579,-122.33225247299995,47.69857934999995,-122.32225247299995,47.70857934999995,-122.32725247299996,47.703579349999956,0,0,,10,25
-122.332252_47.708579,-122.33225247299995,47.70857934999995,-122.32225247299995,47.71857934999995,-122.32725247299996,47.713579349999954,0,0,,10,26
-122.332252_47.718579,-122.33225247299995,47.71857934999995,-122.32225247299995,47.72857934999995,-122.32725247299996,47.72357934999995,0,0,,10,27
-122.332252_47.728579,-122.33225247299995,47.72857934999995,-122.32225247299995,47.738579349999945,-122.32725247299996,47.73357934999995,0,0,,10,28
-122.332252_47.738579,-122.33225247299995,47.738579349999945,-122.32225247299995,47.74857934999994,-122.32725247299996,47.74357934999995,0,0,,10,29
-122.332252_47.748579,-122.33225247299995,47.74857934999994,-122.32225247299995,47.75857934999994,-122.32725247299996,47.753579349999946,0,0,,10,30
-122.332252_47.758579,-122.33225247299995,47.75857934999994,-122.32225247299995,47.76857934999994,-122.32725247299996,47.763579349999944,0,0,,10,31
-122.332252_47.768579,-122.33225247299995,47.76857934999994,-122.32225247299995,47.77857934999994,-122.32725247299996,47.77357934999994,0,0,,10,32
-122.322252_47.448579,-122.32225247299995,47.44857935,-122.31225247299994,47.45857935,-122.31725247299995,47.453579350000005,0,0,,11,0
-122.322252_47.458579,-122.32225247299995,47.45857935,-122.31225247299994,47.46857935,-122.31725247299995,47.46357935,0,0,,11,1
-122.322252_47.468579,-122.32225247299995,47.46857935,-122.31225247299994,47.47857935,-122.31725247299995,47.47357935,0,0,,11,2
-122.322252_47.478579,-122.32225247299995,47.47857935,-122.31225247299994,47.488579349999995,-122.31725247299995,47.48357935,0,0,,11,3
-122.322252_47.488579,-122.32225247299995,47.488579349999995,-122.31225247299994,47.49857934999999,-122.31725247299995,47.49357935,0,0,,11,4
-122.322252_47.498579,-122.32225247299995,47.49857934999999,-122.31225247299994,47.50857934999999,-122.31725247299995,47.503579349999995,0,0,,11,5
-122.322252_47.508579,-122.32225247299995,47.50857934999999,-122.31225247299994,47.51857934999999,-122.31725247299995,47.51357934999999,0,0,,11,6
-122.322252_47.518579,-122.32225247299995,47.51857934999999,-122.31225247299994,47.52857934999999,-122.31725247299995,47.52357934999999,0,0,,11,7
-122.322252_47.528579,-122.32225247299995,47.52857934999999,-122.31225247299994,47.538579349999985,-122.31725247299995,47.53357934999999,0,0,,11,8
-122.322252_47.538579,-122.32225247299995,47.538579349999985,-122.31225247299994,47.54857934999998,-122.31725247299995,47.54357934999999,0,0,,11,9
-122.322252_47.548579,-122.32225247299995,47.54857934999998,-122.31225247299994,47.55857934999998,-122.31725247299995,47.553579349999985,0,0,,11,10
-122.322252_47.558579,-122.32225247299995,47.55857934999998,-122.31225247299994,47.56857934999998,-122.31725247299995,47.56357934999998,0,0,,11,11
-122.322252_47.568579,-122.32225247299995,47.56857934999998,-122.31225247299994,47.57857934999998,-122.31725247299995,47.57357934999998,0,0,,11,12
-122.322252_47.578579,-122.32225247299995,47.57857934999998,-122.31225247299994,47.588579349999975,-122.31725247299995,47.58357934999998,0,0,,11,13
-122.322252_47.588579,-122.32225247299995,47.588579349999975,-122.31225247299994,47.59857934999997,-122.31725247299995,47.59357934999998,0,0,,11,14
-122.322252_47.598579,-122.32225247299995,47.59857934999997,-122.31225247299994,47.60857934999997,-122.31725247299995,47.603579349999976,0,0,,11,15
-122.322252_47.608579,-122.32225247299995,47.60857934999997,-122.31225247299994,47.61857934999997,-122.31725247299995,47.61357934999997,0,0,,11,16
-122.322252_47.618579,-122.32225247299995,47.61857934999997,-122.31225247299994,47.62857934999997,-122.31725247299995,47.62357934999997,0,0,,11,17
-122.322252_47.628579,-122.32225247299995,47.62857934999997,-122.31225247299994,47.638579349999965,-122.31725247299995,47.63357934999997,0,0,,11,18
-122.322252_47.638579,-122.32225247299995,47.638579349999965,-122.31225247299994,47.64857934999996,-122.31725247299995,47.64357934999997,0,0,,11,19
-122.322252_47.648579,-122.32225247299995,47.64857934999996,-122.31225247299994,47.65857934999996,-122.31725247299995,47.653579349999966,0,0,,11,20
-122.322252_47.658579,-122.32225247299995,47.65857934999996,-122.31225247299994,47.66857934999996,-122.31725247299995,47.663579349999964,0,0,,11,21
-122.322252_47.668579,-122.32225247299995,47.66857934999996,-122.31225247299994,47.67857934999996,-122.31725247299995,47.67357934999996,0,0,,11,22
-122.322252_47.678579,-122.32225247299995,47.67857934999996,-122.31225247299994,47.688579349999955,-122.31725247299995,47.68357934999996,0,0,,11,23
-122.322252_47.688579,-122.32225247299995,47.688579349999955,-122.31225247299994,47.69857934999995,-122.31725247299995,47.69357934999996,0,0,,11,24
-122.322252_47.698579,-122.32225247299995,47.69857934999995,-122.31225247299994,47.70857934999995,-122.31725247299995,47.703579349999956,0,0,,11,25
-122.322252_47.708579,-122.32225247299995,47.70857934999995,-122.31225247299994,47.71857934999995,-122.31725247299995,47.713579349999954,0,0,,11,26
-122.322252_47.718579,-122.32225247299995,47.71857934999995,-122.31225247299994,47.72857934999995,-122.31725247299995,47.72357934999995,0,0,,11,27
-122.322252_47.728579,-122.32225247299995,47.72857934999995,-122.31225247299994,47.738579349999945,-122.31725247299995,47.73357934999995,0,0,,11,28
-122.322252_47.738579,-122.32225247299995,47.738579349999945,-122.31225247299994,47.74857934999994,-122.31725247299995,47.74357934999995,0,0,,11,29
-122.322252_47.748579,-122.32225247299995,47.74857934999994,-122.31225247299994,47.75857934999994,-122.31725247299995,47.753579349999946,0,0,,11,30
-122.322252_47.758579,-122.32225247299995,47.75857934999994,-122.31225247299994,47.76857934999994,-122.31725247299995,47.763579349999944,0,0,,11,31
-122.322252_47.768579,-122.32225247299995,47.76857934999994,-122.31225247299994,47.77857934999994,-122.31725247299995,47.77357934999994,0,0,,11,32
-122.312252_47.448579,-122.31225247299994,47.44857935,-122.30225247299994,47.45857935,-122.30725247299995,47.453579350000005,0,0,,12,0
-122.312252_47.458579,-122.31225247299994,47.45857935,-122.30225247299994,47.46857935,-122.30725247299995,47.46357935,0,0,,12,1
-122.312252_47.468579,-122.31225247299994,47.46857935,-122.30225247299994,47.47857935,-122.30725247299995,47.47357935,0,0,,12,2
-122.312252_47.478579,-122.31225247299994,47.47857935,-122.30225247299994,47.488579349999995,-122.30725247299995,47.48357935,0,0,,12,3
-122.312252_47.488579,-122.31225247299994,47.488579349999995,-122.30225247299994,47.49857934999999,-122.30725247299995,47.49357935,0,0,,12,4
-122.312252_47.498579,-122.31225247299994,47.49857934999999,-122.30225247299994,47.50857934999999,-122.30725247299995,47.503579349999995,0,0,,12,5
-122.312252_47.508579,-122.31225247299994,47.50857934999999,-122.30225247299994,47.51857934999999,-122.30725247299995,47.51357934999999,0,0,,12,6
-122.312252_47.518579,-122.31225247299994,47.51857934999999,-122.30225247299994,47.52857934999999,-122.30725247299995,47.52357934999999,0,0,,12,7
-122.312252_47.528579,-122.31225247299994,47.52857934999999,-122.30225247299994,47.538579349999985,-122.30725247299995,47.53357934999999,0,0,,12,8
-122.312252_47.538579,-122.31225247299994,47.538579349999985,-122.30225247299994,47.54857934999998,-122.30725247299995,47.54357934999999,0,0,,12,9
-122.312252_47.548579,-122.31225247299994,47.54857934999998,-122.30225247299994,47.55857934999998,-122.30725247299995,47.553579349999985,0,0,,12,10
-122.312252_47.558579,-122.31225247299994,47.55857934999998,-122.30225247299994,47.56857934999998,-122.30725247299995,47.56357934999998,0,0,,12,11
-122.312252_47.568579,-122.31225247299994,47.56857934999998,-122.30225247299994,47.57857934999998,-122.30725247299995,47.57357934999998,0,0,,12,12
-122.312252_47.578579,-122.31225247299994,47.57857934999998,-122.30225247299994,47.588579349999975,-122.30725247299995,47.58357934999998,0,0,,12,13
-122.312252_47.588579,-122.31225247299994,47.588579349999975,-122.30225247299994,47.59857934999997,-122.30725247299995,47.59357934999998,0,0,,12,14
-122.312252_47.598579,-122.31225247299994,47.59857934999997,-122.30225247299994,47.60857934999997,-122.30725247299995,47.603579349999976,0,0,,12,15
-122.312252_47.608579,-122.31225247299994,47.60857934999997,-122.30225247299994,47.61857934999997,-122.30725247299995,47.61357934999997,0,0,,12,16
-122.312252_47.618579,-122.31225247299994,47.61857934999997,-122.30225247299994,47.62857934999997,-122.30725247299995,47.62357934999997,0,0,,12,17
-122.312252_47.628579,-122.31225247299994,47.62857934999997,-122.30225247299994,47.638579349999965,-122.30725247299995,47.63357934999997,0,0,,12,18
-122.312252_47.638579,-122.31225247299994,47.638579349999965,-122.30225247299994,47.64857934999996,-122.30725247299995,47.64357934999997,0,0,,12,19
-122.312252_47.648579,-122.31225247299994,47.64857934999996,-122.30225247299994,47.65857934999996,-122.30725247299995,47.653579349999966,0,0,,12,20
-122.312252_47.658579,-122.31225247299994,47.65857934999996,-122.30225247299994,47.66857934999996,-122.30725247299995,47.663579349999964,0,0,,12,21
-122.312252_47.668579,-122.31225247299994,47.66857934999996,-122.30225247299994,47.67857934999996,-122.30725247299995,47.67357934999996,0,0,,12,22
-122.312252_47.678579,-122.31225247299994,47.67857934999996,-122.30225247299994,47.688579349999955,-122.30725247299995,47.68357934999996,0,0,,12,23
-122.312252_47.688579,-122.31225247299994,47.688579349999955,-122.30225247299994,47.69857934999995,-122.30725247299995,47.69357934999996,0,0,,12,24
-122.312252_47.698579,-122.31225247299994,47.69857934999995,-122.30225247299994,47.70857934999995,-122.30725247299995,47.703579349999956,0,0,,12,25
-122.312252_47.708579,-122.31225247299994,47.70857934999995,-122.30225247299994,47.71857934999995,-122.30725247299995,47.713579349999954,0,0,,12,26
-122.312252_47.718579,-122.31225247299994,47.71857934999995,-122.30225247299994,47.72857934999995,-122.30725247299995,47.72357934999995,0,0,,12,27
-122.312252_47.728579,-122.31225247299994,47.72857934999995,-122.30225247299994,47.738579349999945,-122.30725247299995,47.73357934999995,0,0,,12,28
-122.312252_47.738579,-122.31225247299994,47.738579349999945,-122.30225247299994,47.74857934999994,-122.30725247299995,47.74357934999995,0,0,,12,29
-122.312252_47.748579,-122.31225247299994,47.74857934999994,-122.30225247299994,47.75857934999994,-122.30725247299995,47.753579349999946,0,0,,12,30
-122.312252_47.758579,-122.31225247299994,47.75857934999994,-122.30225247299994,47.76857934999994,-122.30725247299995,47.763579349999944,0,0,,12,31
-122.312252_47.768579,-122.31225247299994,47.76857934999994,-122.30225247299994,47.77857934999994,-122.30725247299995,47.77357934999994,0,0,,12,32
-122.302252_47.448579,-122.30225247299994,47.44857935,-122.29225247299993,47.45857935,-122.29725247299994,47.453579350000005,0,0,,13,0
-122.302252_47.458579,-122.30225247299994,47.45857935,-122.29225247299993,47.46857935,-122.29725247299994,47.46357935,0,0,,13,1
-122.302252_47.468579,-122.30225247299994,47.46857935,-122.29225247299993,47.47857935,-122.29725247299994,47.47357935,0,0,,13,2
-122.302252_47.478579,-122.30225247299994,47.47857935,-122.29225247299993,47.488579349999995,-122.29725247299994,47.48357935,0,0,,13,3
-122.302252_47.488579,-122.30225247299994,47.488579349999995,-122.29225247299993,47.49857934999999,-122.29725247299994,47.49357935,0,0,,13,4
-122.302252_47.498579,-122.30225247299994,47.49857934999999,-122.29225247299993,47.50857934999999,-122.29725247299994,47.503579349999995,0,0,,13,5
-122.302252_47.508579,-122.30225247299994,47.50857934999999,-122.29225247299993,47.51857934999999,-122.29725247299994,47.51357934999999,0,0,,13,6
-122.302252_47.518579,-122.30225247299994,47.51857934999999,-122.29225247299993,47.52857934999999,-122.29725247299994,47.52357934999999,0,0,,13,7
-122.302252_47.528579,-122.30225247299994,47.52857934999999,-122.29225247299993,47.538579349999985,-122.29725247299994,47.53357934999999,0,0,,13,8
-122.302252_47.538579,-122.30225247299994,47.538579349999985,-122.29225247299993,47.54857934999998,-122.29725247299994,47.54357934999999,0,0,,13,9
-122.302252_47.548579,-122.30225247299994,47.54857934999998,-122.29225247299993,47.55857934999998,-122.29725247299994,47.553579349999985,0,0,,13,10
-122.302252_47.558579,-122.30225247299994,47.55857934999998,-122.29225247299993,47.56857934999998,-122.29725247299994,47.56357934999998,0,0,,13,11
-122.302252_47.568579,-122.30225247299994,47.56857934999998,-122.29225247299993,47.57857934999998,-122.29725247299994,47.57357934999998,0,0,,13,12
-122.302252_47.578579,-122.30225247299994,47.57857934999998,-122.29225247299993,47.588579349999975,-122.29725247299994,47.58357934999998,0,0,,13,13
-122.302252_47.588579,-122.30225247299994,47.588579349999975,-122.29225247299993,47.59857934999997,-122.29725247299994,47.59357934999998,0,0,,13,14
-122.302252_47.598579,-122.30225247299994,47.59857934999997,-122.29225247299993,47.60857934999997,-122.29725247299994,47.603579349999976,0,0,,13,15
-122.302252_47.608579,-122.30225247299994,47.60857934999997,-122.29225247299993,47.61857934999997,-122.29725247299994,47.61357934999997,0,0,,13,16
-122.302252_47.618579,-122.30225247299994,47.61857934999997,-122.29225247299993,47.62857934999997,-122.29725247299994,47.62357934999997,0,0,,13,17
-122.302252_47.628579,-122.30225247299994,47.62857934999997,-122.29225247299993,47.638579349999965,-122.29725247299994,47.63357934999997,0,0,,13,18
-122.302252_47.638579,-122.30225247299994,47.638579349999965,-122.29225247299993,47.64857934999996,-122.29725247299994,47.64357934999997,0,0,,13,19
-122.302252_47.648579,-122.30225247299994,47.64857934999996,-122.29225247299993,47.65857934999996,-122.29725247299994,47.653579349999966,0,0,,13,20
-122.302252_47.658579,-122.30225247299994,47.65857934999996,-122.29225247299993,47.66857934999996,-122.29725247299994,47.663579349999964,0,0,,13,21
-122.302252_47.668579,-122.30225247299994,47.66857934999996,-122.29225247299993,47.67857934999996,-122.29725247299994,47.67357934999996,0,0,,13,22
-122.302252_47.678579,-122.30225247299994,47.67857934999996,-122.29225247299993,47.688579349999955,-122.29725247299994,47.68357934999996,0,0,,13,23
-122.302252_47.688579,-122.30225247299994,47.688579349999955,-122.29225247299993,47.69857934999995,-122.29725247299994,47.69357934999996,0,0,,13,24
-122.302252_47.698579,-122.30225247299994,47.69857934999995,-122.29225247299993,47.70857934999995,-122.29725247299994,47.703579349999956,0,0,,13,25
-122.302252_47.708579,-122.30225247299994,47.70857934999995,-122.29225247299993,47.71857934999995,-122.29725247299994,47.713579349999954,0,0,,13,26
-122.302252_47.718579,-122.30225247299994,47.71857934999995,-122.29225247299993,47.72857934999995,-122.29725247299994,47.72357934999995,0,0,,13,27
-122.302252_47.728579,-122.30225247299994,47.72857934999995,-122.29225247299993,47.738579349999945,-122.29725247299994,47.73357934999995,0,0,,13,28
-122.302252_47.738579,-122.30225247299994,47.738579349999945,-122.29225247299993,47.74857934999994,-122.29725247299994,47.74357934999995,0,0,,13,29
-122.302252_47.748579,-122.30225247299994,47.74857934999994,-122.29225247299993,47.75857934999994,-122.29725247299994,47.753579349999946,0,0,,13,30
-122.302252_47.758579,-122.30225247299994,47.75857934999994,-122.29225247299993,47.76857934999994,-122.29725247299994,47.763579349999944,0,0,,13,31
-122.302252_47.768579,-122.30225247299994,47.76857934999994,-122.29225247299993,47.77857934999994,-122.29725247299994,47.77357934999994,0,0,,13,32
-122.292252_47.448579,-122.29225247299993,47.44857935,-122.28225247299993,47.45857935,-122.28725247299994,47.453579350000005,0,0,,14,0
-122.292252_47.458579,-122.29225247299993,47.45857935,-122.28225247299993,47.46857935,-122.28725247299994,47.46357935,0,0,,14,1
-122.292252_47.468579,-122.29225247299993,47.46857935,-122.28225247299993,47.47857935,-122.28725247299994,47.47357935,0,0,,14,2
-122.292252_47.478579,-122.29225247299993,47.47857935,-122.28225247299993,47.488579349999995,-122.28725247299994,47.48357935,0,0,,14,3
-122.292252_47.488579,-122.29225247299993,47.488579349999995,-122.28225247299993,47.49857934999999,-122.28725247299994,47.49357935,0,0,,14,4
-122.292252_47.498579,-122.29225247299993,47.49857934999999,-122.28225247299993,47.50857934999999,-122.28725247299994,47.503579349999995,0,0,,14,5
-122.292252_47.508579,-122.29225247299993,47.50857934999999,-122.28225247299993,47.51857934999999,-122.28725247299994,47.51357934999999,0,0,,14,6
-122.292252_47.518579,-122.29225247299993,47.51857934999999,-122.28225247299993,47.52857934999999,-122.28725247299994,47.52357934999999,0,0,,14,7
-122.292252_47.528579,-122.29225247299993,47.52857934999999,-122.28225247299993,47.538579349999985,-122.28725247299994,47.53357934999999,0,0,,14,8
-122.292252_47.538579,-122.29225247299993,47.538579349999985,-122.28225247299993,47.54857934999998,-122.28725247299994,47.54357934999999,0,0,,14,9
-122.292252_47.548579,-122.29225247299993,47.54857934999998,-122.28225247299993,47.55857934999998,-122.28725247299994,47.553579349999985,0,0,,14,10
-122.292252_47.558579,-122.29225247299993,47.55857934999998,-122.28225247299993,47.56857934999998,-122.28725247299994,47.56357934999998,0,0,,14,11
-122.292252_47.568579,-122.29225247299993,47.56857934999998,-122.28225247299993,47.57857934999998,-122.28725247299994,47.57357934999998,0,0,,14,12
-122.292252_47.578579,-122.29225247299993,47.57857934999998,-122.28225247299993,47.588579349999975,-122.28725247299994,47.58357934999998,0,0,,14,13
-122.292252_47.588579,-122.29225247299993,47.588579349999975,-122.28225247299993,47.59857934999997,-122.28725247299994,47.59357934999998,0,0,,14,14
-122.292252_47.598579,-122.29225247299993,47.59857934999997,-122.28225247299993,47.60857934999997,-122.28725247299994,47.603579349999976,0,0,,14,15
-122.292252_47.608579,-122.29225247299993,47.60857934999997,-122.28225247299993,47.61857934999997,-122.28725247299994,47.61357934999997,0,0,,14,16
-122.292252_47.618579,-122.29225247299993,47.61857934999997,-122.28225247299993,47.62857934999997,-122.28725247299994,47.62357934999997,0,0,,14,17
-122.292252_47.628579,-122.29225247299993,47.62857934999997,-122.28225247299993,47.638579349999965,-122.28725247299994,47.63357934999997,0,0,,14,18
-122.292252_47.638579,-122.29225247299993,47.638579349999965,-122.28225247299993,47.64857934999996,-122.28725247299994,47.64357934999997,0,0,,14,19
-122.292252_47.648579,-122.29225247299993,47.64857934999996,-122.28225247299993,47.65857934999996,-122.28725247299994,47.653579349999966,0,0,,14,20
-122.292252_47.658579,-122.29225247299993,47.65857934999996,-122.28225247299993,47.66857934999996,-122.28725247299994,47.663579349999964,0,0,,14,21
-122.292252_47.668579,-122.29225247299993,47.66857934999996,-122.28225247299993,47.67857934999996,-122.28725247299994,47.67357934999996,0,0,,14,22
-122.292252_47.678579,-122.29225247299993,47.67857934999996,-122.28225247299993,47.688579349999955,-122.28725247299994,47.68357934999996,0,0,,14,23
-122.292252_47.688579,-122.29225247299993,47.688579349999955,-122.28225247299993,47.69857934999995,-122.28725247299994,47.69357934999996,0,0,,14,24
-122.292252_47.698579,-122.29225247299993,47.69857934999995,-122.28225247299993,47.70857934999995,-122.28725247299994,47.703579349999956,0,0,,14,25
-122.292252_47.708579,-122.29225247299993,47.70857934999995,-122.28225247299993,47.71857934999995,-122.28725247299994,47.713579349999954,0,0,,14,26
-122.292252_47.718579,-122.29225247299993,47.71857934999995,-122.28225247299993,47.72857934999995,-122.28725247299994,47.72357934999995,0,0,,14,27
-122.292252_47.728579,-122.29225247299993,47.72857934999995,-122.28225247299993,47.738579349999945,-122.28725247299994,47.73357934999995,0,0,,14,28
-122.292252_47.738579,-122.29225247299993,47.738579349999945,-122.28225247299993,47.74857934999994,-122.28725247299994,47.74357934999995,0,0,,14,29
-122.292252_47.748579,-122.29225247299993,47.74857934999994,-122.28225247299993,47.75857934999994,-122.28725247299994,47.753579349999946,0,0,,14,30
-122.292252_47.758579,-122.29225247299993,47.75857934999994,-122.28225247299993,47.76857934999994,-122.28725247299994,47.763579349999944,0,0,,14,31
-122.292252_47.768579,-122.29225247299993,47.76857934999994,-122.28225247299993,47.77857934999994,-122.28725247299994,47.77357934999994,0,0,,14,32
-122.282252_47.448579,-122.28225247299993,47.44857935,-122.27225247299992,47.45857935,-122.27725247299993,47.453579350000005,0,0,,15,0
-122.282252_47.458579,-122.28225247299993,47.45857935,-122.27225247299992,47.46857935,-122.27725247299993,47.46357935,0,0,,15,1
-122.282252_47.468579,-122.28225247299993,47.46857935,-122.27225247299992,47.47857935,-122.27725247299993,47.47357935,0,0,,15,2
-122.282252_47.478579,-122.28225247299993,47.47857935,-122.27225247299992,47.488579349999995,-122.27725247299993,47.48357935,0,0,,15,3
-122.282252_47.488579,-122.28225247299993,47.488579349999995,-122.27225247299992,47.49857934999999,-122.27725247299993,47.49357935,0,0,,15,4
-122.282252_47.498579,-122.28225247299993,47.49857934999999,-122.27225247299992,47.50857934999999,-122.27725247299993,47.503579349999995,0,0,,15,5
-122.282252_47.508579,-122.28225247299993,47.50857934999999,-122.27225247299992,47.51857934999999,-122.27725247299993,47.51357934999999,0,0,,15,6
-122.282252_47.518579,-122.28225247299993,47.51857934999999,-122.27225247299992,47.52857934999999,-122.27725247299993,47.52357934999999,0,0,,15,7
-122.282252_47.528579,-122.28225247299993,47.52857934999999,-122.27225247299992,47.538579349999985,-122.27725247299993,47.53357934999999,0,0,,15,8
-122.282252_47.538579,-122.28225247299993,47.538579349999985,-122.27225247299992,47.54857934999998,-122.27725247299993,47.54357934999999,0,0,,15,9
-122.282252_47.548579,-122.28225247299993,47.54857934999998,-122.27225247299992,47.55857934999998,-122.27725247299993,47.553579349999985,0,0,,15,10
-122.282252_47.558579,-122.28225247299993,47.55857934999998,-122.27225247299992,47.56857934999998,-122.27725247299993,47.56357934999998,0,0,,15,11
-122.282252_47.568579,-122.28225247299993,47.56857934999998,-122.27225247299992,47.57857934999998,-122.27725247299993,47.57357934999998,0,0,,15,12
-122.282252_47.578579,-122.28225247299993,47.57857934999998,-122.27225247299992,47.588579349999975,-122.27725247299993,47.58357934999998,0,0,,15,13
-122.282252_47.588579,-122.28225247299993,47.588579349999975,-122.27225247299992,47.59857934999997,-122.27725247299993,47.59357934999998,0,0,,15,14
-122.282252_47.598579,-122.28225247299993,47.59857934999997,-122.27225247299992,47.60857934999997,-122.27725247299993,47.603579349999976,0,0,,15,15
-122.282252_47.608579,-122.28225247299993,47.60857934999997,-122.27225247299992,47.61857934999997,-122.27725247299993,47.61357934999997,0,0,,15,16
-122.282252_47.618579,-122.28225247299993,47.61857934999997,-122.27225247299992,47.62857934999997,-122.27725247299993,47.62357934999997,0,0,,15,17
-122.282252_47.628579,-122.28225247299993,47.62857934999997,-122.27225247299992,47.638579349999965,-122.27725247299993,47.63357934999997,0,0,,15,18
-122.282252_47.638579,-122.28225247299993,47.638579349999965,-122.27225247299992,47.64857934999996,-122.27725247299993,47.64357934999997,0,0,,15,19
-122.282252_47.648579,-122.28225247299993,47.64857934999996,-122.27225247299992,47.65857934999996,-122.27725247299993,47.653579349999966,0,0,,15,20
-122.282252_47.658579,-122.28225247299993,47.65857934999996,-122.27225247299992,47.66857934999996,-122.27725247299993,47.663579349999964,0,0,,15,21
-122.282252_47.668579,-122.28225247299993,47.66857934999996,-122.27225247299992,47.67857934999996,-122.27725247299993,47.67357934999996,0,0,,15,22
-122.282252_47.678579,-122.28225247299993,47.67857934999996,-122.27225247299992,47.688579349999955,-122.27725247299993,47.68357934999996,0,0,,15,23
-122.282252_47.688579,-122.28225247299993,47.688579349999955,-122.27225247299992,47.69857934999995,-122.27725247299993,47.69357934999996,0,0,,15,24
-122.282252_47.698579,-122.28225247299993,47.69857934999995,-122.27225247299992,47.70857934999995,-122.27725247299993,47.703579349999956,0,0,,15,25
-122.282252_47.708579,-122.28225247299993,47.70857934999995,-122.27225247299992,47.71857934999995,-122.27725247299993,47.713579349999954,0,0,,15,26
-122.282252_47.718579,-122.28225247299993,47.71857934999995,-122.27225247299992,47.72857934999995,-122.27725247299993,47.72357934999995,0,0,,15,27
-122.282252_47.728579,-122.28225247299993,47.72857934999995,-122.27225247299992,47.738579349999945,-122.27725247299993,47.73357934999995,0,0,,15,28
-122.282252_47.738579,-122.28225247299993,47.738579349999945,-122.27225247299992,47.74857934999994,-122.27725247299993,47.74357934999995,0,0,,15,29
-122.282252_47.748579,-122.28225247299993,47.74857934999994,-122.27225247299992,47.75857934999994,-122.27725247299993,47.753579349999946,0,0,,15,30
-122.282252_47.758579,-122.28225247299993,47.75857934999994,-122.27225247299992,47.76857934999994,-122.27725247299993,47.763579349999944,0,0,,15,31
-122.282252_47.768579,-122.28225247299993,47.76857934999994,-122.27225247299992,47.77857934999994,-122.27725247299993,47.77357934999994,0,0,,15,32
-122.272252_47.448579,-122.27225247299992,47.44857935,-122.26225247299992,47.45857935,-122.26725247299993,47.453579350000005,0,0,,16,0
-122.272252_47.458579,-122.27225247299992,47.45857935,-122.26225247299992,47.46857935,-122.26725247299993,47.46357935,0,0,,16,1
-122.272252_47.468579,-122.27225247299992,47.46857935,-122.26225247299992,47.47857935,-122.26725247299993,47.47357935,0,0,,16,2
-122.272252_47.478579,-122.27225247299992,47.47857935,-122.26225247299992,47.488579349999995,-122.26725247299993,47.48357935,0,0,,16,3
-122.272252_47.488579,-122.27225247299992,47.488579349999995,-122.26225247299992,47.49857934999999,-122.26725247299993,47.49357935,0,0,,16,4
-122.272252_47.498579,-122.27225247299992,47.49857934999999,-122.26225247299992,47.50857934999999,-122.26725247299993,47.503579349999995,0,0,,16,5
-122.272252_47.508579,-122.27225247299992,47.50857934999999,-122.26225247299992,47.51857934999999,-122.26725247299993,47.51357934999999,0,0,,16,6
-122.272252_47.518579,-122.27225247299992,47.51857934999999,-122.26225247299992,47.52857934999999,-122.26725247299993,47.52357934999999,0,0,,16,7
-122.272252_47.528579,-122.27225247299992,47.52857934999999,-122.26225247299992,47.538579349999985,-122.26725247299993,47.53357934999999,0,0,,16,8
-122.272252_47.538579,-122.27225247299992,47.538579349999985,-122.26225247299992,47.54857934999998,-122.26725247299993,47.54357934999999,0,0,,16,9
-122.272252_47.548579,-122.27225247299992,47.54857934999998,-122.26225247299992,47.55857934999998,-122.26725247299993,47.553579349999985,0,0,,16,10
-122.272252_47.558579,-122.27225247299992,47.55857934999998,-122.26225247299992,47.56857934999998,-122.26725247299993,47.56357934999998,0,0,,16,11
-122.272252_47.568579,-122.27225247299992,47.56857934999998,-122.26225247299992,47.57857934999998,-122.26725247299993,47.57357934999998,0,0,,16,12
-122.272252_47.578579,-122.27225247299992,47.57857934999998,-122.26225247299992,47.588579349999975,-122.26725247299993,47.58357934999998,0,0,,16,13
-122.272252_47.588579,-122.27225247299992,47.588579349999975,-122.26225247299992,47.59857934999997,-122.26725247299993,47.59357934999998,0,0,,16,14
-122.272252_47.598579,-122.27225247299992,47.59857934999997,-122.26225247299992,47.60857934999997,-122.26725247299993,47.603579349999976,0,0,,16,15
-122.272252_47.608579,-122.27225247299992,47.60857934999997,-122.26225247299992,47.61857934999997,-122.26725247299993,47.61357934999997,0,0,,16,16
-122.272252_47.618579,-122.27225247299992,47.61857934999997,-122.26225247299992,47.62857934999997,-122.26725247299993,47.62357934999997,0,0,,16,17
-122.272252_47.628579,-122.27225247299992,47.62857934999997,-122.26225247299992,47.638579349999965,-122.26725247299993,47.63357934999997,0,0,,16,18
-122.272252_47.638579,-122.27225247299992,47.638579349999965,-122.26225247299992,47.64857934999996,-122.26725247299993,47.64357934999997,0,0,,16,19
-122.272252_47.648579,-122.27225247299992,47.64857934999996,-122.26225247299992,47.65857934999996,-122.26725247299993,47.653579349999966,0,0,,16,20
-122.272252_47.658579,-122.27225247299992,47.65857934999996,-122.26225247299992,47.66857934999996,-122.26725247299993,47.663579349999964,0,0,,16,21
-122.272252_47.668579,-122.27225247299992,47.66857934999996,-122.26225247299992,47.67857934999996,-122.26725247299993,47.67357934999996,0,0,,16,22
-122.272252_47.678579,-122.27225247299992,47.67857934999996,-122.26225247299992,47.688579349999955,-122.26725247299993,47.68357934999996,0,0,,16,23
-122.272252_47.688579,-122.27225247299992,47.688579349999955,-122.26225247299992,47.69857934999995,-122.26725247299993,47.69357934999996,0,0,,16,24
-122.272252_47.698579,-122.27225247299992,47.69857934999995,-122.26225247299992,47.70857934999995,-122.26725247299993,47.703579349999956,0,0,,16,25
-122.272252_47.708579,-122.27225247299992,47.70857934999995,-122.26225247299992,47.71857934999995,-122.26725247299993,47.713579349999954,0,0,,16,26
-122.272252_47.718579,-122.27225247299992,47.71857934999995,-122.26225247299992,47.72857934999995,-122.26725247299993,47.72357934999995,0,0,,16,27
-122.272252_47.728579,-122.27225247299992,47.72857934999995,-122.26225247299992,47.738579349999945,-122.26725247299993,47.73357934999995,0,0,,16,28
-122.272252_47.738579,-122.27225247299992,47.738579349999945,-122.26225247299992,47.74857934999994,-122.26725247299993,47.74357934999995,0,0,,16,29
-122.272252_47.748579,-122.27225247299992,47.74857934999994,-122.26225247299992,47.75857934999994,-122.26725247299993,47.753579349999946,0,0,,16,30
-122.272252_47.758579,-122.27225247299992,47.75857934999994,-122.26225247299992,47.76857934999994,-122.26725247299993,47.763579349999944,0,0,,16,31
-122.272252_47.768579,-122.27225247299992,47.76857934999994,-122.26225247299992,47.77857934999994,-122.26725247299993,47.77357934999994,0,0,,16,32
-122.262252_47.448579,-122.26225247299992,47.44857935,-122.25225247299991,47.45857935,-122.25725247299992,47.453579350000005,0,0,,17,0
-122.262252_47.458579,-122.26225247299992,47.45857935,-122.25225247299991,47.46857935,-122.25725247299992,47.46357935,0,0,,17,1
-122.262252_47.468579,-122.26225247299992,47.46857935,-122.25225247299991,47.47857935,-122.25725247299992,47.47357935,0,0,,17,2
-122.262252_47.478579,-122.26225247299992,47.47857935,-122.25225247299991,47.488579349999995,-122.25725247299992,47.48357935,0,0,,17,3
-122.262252_47.488579,-122.26225247299992,47.488579349999995,-122.25225247299991,47.49857934999999,-122.25725247299992,47.49357935,0,0,,17,4
-122.262252_47.498579,-122.26225247299992,47.49857934999999,-122.25225247299991,47.50857934999999,-122.25725247299992,47.503579349999995,0,0,,17,5
-122.262252_47.508579,-122.26225247299992,47.50857934999999,-122.25225247299991,47.51857934999999,-122.25725247299992,47.51357934999999,0,0,,17,6
-122.262252_47.518579,-122.26225247299992,47.51857934999999,-122.25225247299991,47.52857934999999,-122.25725247299992,47.52357934999999,0,0,,17,7
-122.262252_47.528579,-122.26225247299992,47.52857934999999,-122.25225247299991,47.538579349999985,-122.25725247299992,47.53357934999999,0,0,,17,8
-122.262252_47.538579,-122.26225247299992,47.538579349999985,-122.25225247299991,47.54857934999998,-122.25725247299992,47.54357934999999,0,0,,17,9
-122.262252_47.548579,-122.26225247299992,47.54857934999998,-122.25225247299991,47.55857934999998,-122.25725247299992,47.553579349999985,0,0,,17,10
-122.262252_47.558579,-122.26225247299992,47.55857934999998,-122.25225247299991,47.56857934999998,-122.25725247299992,47.56357934999998,0,0,,17,11
-122.262252_47.568579,-122.26225247299992,47.56857934999998,-122.25225247299991,47.57857934999998,-122.25725247299992,47.57357934999998,0,0,,17,12
-122.262252_47.578579,-122.26225247299992,47.57857934999998,-122.25225247299991,47.588579349999975,-122.25725247299992,47.58357934999998,0,0,,17,13
-122.262252_47.588579,-122.26225247299992,47.588579349999975,-122.25225247299991,47.59857934999997,-122.25725247299992,47.59357934999998,0,0,,17,14
-122.262252_47.598579,-122.26225247299992,47.59857934999997,-122.25225247299991,47.60857934999997,-122.25725247299992,47.603579349999976,0,0,,17,15
-122.262252_47.608579,-122.26225247299992,47.60857934999997,-122.25225247299991,47.61857934999997,-122.25725247299992,47.61357934999997,0,0,,17,16
-122.262252_47.618579,-122.26225247299992,47.61857934999997,-122.25225247299991,47.62857934999997,-122.25725247299992,47.62357934999997,0,0,,17,17
-122.262252_47.628579,-122.26225247299992,47.62857934999997,-122.25225247299991,47.638579349999965,-122.25725247299992,47.63357934999997,0,0,,17,18
-122.262252_47.638579,-122.26225247299992,47.638579349999965,-122.25225247299991,47.64857934999996,-122.25725247299992,47.64357934999997,0,0,,17,19
-122.262252_47.648579,-122.26225247299992,47.64857934999996,-122.25225247299991,47.65857934999996,-122.25725247299992,47.653579349999966,0,0,,17,20
-122.262252_47.658579,-122.26225247299992,47.65857934999996,-122.25225247299991,47.66857934999996,-122.25725247299992,47.663579349999964,0,0,,17,21
-122.262252_47.668579,-122.26225247299992,47.66857934999996,-122.25225247299991,47.67857934999996,-122.25725247299992,47.67357934999996,0,0,,17,22
-122.262252_47.678579,-122.26225247299992,47.67857934999996,-122.25225247299991,47.688579349999955,-122.25725247299992,47.68357934999996,0,0,,17,23
-122.262252_47.688579,-122.26225247299992,47.688579349999955,-122.25225247299991,47.69857934999995,-122.25725247299992,47.69357934999996,0,0,,17,24
-122.262252_47.698579,-122.26225247299992,47.69857934999995,-122.25225247299991,47.70857934999995,-122.25725247299992,47.703579349999956,0,0,,17,25
-122.262252_47.708579,-122.26225247299992,47.70857934999995,-122.25225247299991,47.71857934999995,-122.25725247299992,47.713579349999954,0,0,,17,26
-122.262252_47.718579,-122.26225247299992,47.71857934999995,-122.25225247299991,47.72857934999995,-122.25725247299992,47.72357934999995,0,0,,17,27
-122.262252_47.728579,-122.26225247299992,47.72857934999995,-122.25225247299991,47.738579349999945,-122.25725247299992,47.73357934999995,0,0,,17,28
-122.262252_47.738579,-122.26225247299992,47.738579349999945,-122.25225247299991,47.74857934999994,-122.25725247299992,47.74357934999995,0,0,,17,29
-122.262252_47.748579,-122.26225247299992,47.74857934999994,-122.25225247299991,47.75857934999994,-122.25725247299992,47.753579349999946,0,0,,17,30
-122.262252_47.758579,-122.26225247299992,47.75857934999994,-122.25225247299991,47.76857934999994,-122.25725247299992,47.763579349999944,0,0,,17,31
-122.262252_47.768579,-122.26225247299992,47.76857934999994,-122.25225247299991,47.77857934999994,-122.25725247299992,47.77357934999994,0,0,,17,32
-122.252252_47.448579,-122.25225247299991,47.44857935,-122.24225247299991,47.45857935,-122.24725247299992,47.453579350000005,0,0,,18,0
-122.252252_47.458579,-122.25225247299991,47.45857935,-122.24225247299991,47.46857935,-122.24725247299992,47.46357935,0,0,,18,1
-122.252252_47.468579,-122.25225247299991,47.46857935,-122.24225247299991,47.47857935,-122.24725247299992,47.47357935,0,0,,18,2
-122.252252_47.478579,-122.25225247299991,47.47857935,-122.24225247299991,47.488579349999995,-122.24725247299992,47.48357935,0,0,,18,3
-122.252252_47.488579,-122.25225247299991,47.488579349999995,-122.24225247299991,47.49857934999999,-122.24725247299992,47.49357935,0,0,,18,4
-122.252252_47.498579,-122.25225247299991,47.49857934999999,-122.24225247299991,47.50857934999999,-122.24725247299992,47.503579349999995,0,0,,18,5
-122.252252_47.508579,-122.25225247299991,47.50857934999999,-122.24225247299991,47.51857934999999,-122.24725247299992,47.51357934999999,0,0,,18,6
-122.252252_47.518579,-122.25225247299991,47.51857934999999,-122.24225247299991,47.52857934999999,-122.24725247299992,47.52357934999999,0,0,,18,7
-122.252252_47.528579,-122.25225247299991,47.52857934999999,-122.24225247299991,47.538579349999985,-122.24725247299992,47.53357934999999,0,0,,18,8
-122.252252_47.538579,-122.25225247299991,47.538579349999985,-122.24225247299991,47.54857934999998,-122.24725247299992,47.54357934999999,0,0,,18,9
-122.252252_47.548579,-122.25225247299991,47.54857934999998,-122.24225247299991,47.55857934999998,-122.24725247299992,47.553579349999985,0,0,,18,10
-122.252252_47.558579,-122.25225247299991,47.55857934999998,-122.24225247299991,47.56857934999998,-122.24725247299992,47.56357934999998,0,0,,18,11
-122.252252_47.568579,-122.25225247299991,47.56857934999998,-122.24225247299991,47.57857934999998,-122.24725247299992,47.57357934999998,0,0,,18,12
-122.252252_47.578579,-122.25225247299991,47.57857934999998,-122.24225247299991,47.588579349999975,-122.24725247299992,47.58357934999998,0,0,,18,13
-122.252252_47.588579,-122.25225247299991,47.588579349999975,-122.24225247299991,47.59857934999997,-122.24725247299992,47.59357934999998,0,0,,18,14
-122.252252_47.598579,-122.25225247299991,47.59857934999997,-122.24225247299991,47.60857934999997,-122.24725247299992,47.603579349999976,0,0,,18,15
-122.252252_47.608579,-122.25225247299991,47.60857934999997,-122.24225247299991,47.61857934999997,-122.24725247299992,47.61357934999997,0,0,,18,16
-122.252252_47.618579,-122.25225247299991,47.61857934999997,-122.24225247299991,47.62857934999997,-122.24725247299992,47.62357934999997,0,0,,18,17
-122.252252_47.628579,-122.25225247299991,47.62857934999997,-122.24225247299991,47.638579349999965,-122.24725247299992,47.63357934999997,0,0,,18,18
-122.252252_47.638579,-122.25225247299991,47.638579349999965,-122.24225247299991,47.64857934999996,-122.24725247299992,47.64357934999997,0,0,,18,19
-122.252252_47.648579,-122.25225247299991,47.64857934999996,-122.24225247299991,47.65857934999996,-122.24725247299992,47.653579349999966,0,0,,18,20
-122.252252_47.658579,-122.25225247299991,47.65857934999996,-122.24225247299991,47.66857934999996,-122.24725247299992,47.663579349999964,0,0,,18,21
-122.252252_47.668579,-122.25225247299991,47.66857934999996,-122.24225247299991,47.67857934999996,-122.24725247299992,47.67357934999996,0,0,,18,22
-122.252252_47.678579,-122.25225247299991,47.67857934999996,-122.24225247299991,47.688579349999955,-122.24725247299992,47.68357934999996,0,0,,18,23
-122.252252_47.688579,-122.25225247299991,47.688579349999955,-122.24225247299991,47.69857934999995,-122.24725247299992,47.69357934999996,0,0,,18,24
-122.252252_47.698579,-122.25225247299991,47.69857934999995,-122.24225247299991,47.70857934999995,-122.24725247299992,47.703579349999956,0,0,,18,25
-122.252252_47.708579,-122.25225247299991,47.70857934999995,-122.24225247299991,47.71857934999995,-122.24725247299992,47.713579349999954,0,0,,18,26
-122.252252_47.718579,-122.25225247299991,47.71857934999995,-122.24225247299991,47.72857934999995,-122.24725247299992,47.72357934999995,0,0,,18,27
-122.252252_47.728579,-122.25225247299991,47.72857934999995,-122.24225247299991,47.738579349999945,-122.24725247299992,47.73357934999995,0,0,,18,28
-122.252252_47.738579,-122.25225247299991,47.738579349999945,-122.24225247299991,47.74857934999994,-122.24725247299992,47.74357934999995,0,0,,18,29
-122.252252_47.748579,-122.25225247299991,47.74857934999994,-122.24225247299991,47.75857934999994,-122.24725247299992,47.753579349999946,0,0,,18,30
-122.252252_47.758579,-122.25225247299991,47.75857934999994,-122.24225247299991,47.76857934999994,-122.24725247299992,47.763579349999944,0,0,,18,31
-122.252252_47.768579,-122.25225247299991,47.76857934999994,-122.24225247299991,47.77857934999994,-122.24725247299992,47.77357934999994,0,0,,18,32
-122.242252_47.448579,-122.24225247299991,47.44857935,-122.2322524729999,47.45857935,-122.23725247299991,47.453579350000005,0,0,,19,0
-122.242252_47.458579,-122.24225247299991,47.45857935,-122.2322524729999,47.46857935,-122.23725247299991,47.46357935,0,0,,19,1
-122.242252_47.468579,-122.24225247299991,47.46857935,-122.2322524729999,47.47857935,-122.23725247299991,47.47357935,0,0,,19,2
-122.242252_47.478579,-122.24225247299991,47.47857935,-122.2322524729999,47.488579349999995,-122.23725247299991,47.48357935,0,0,,19,3
-122.242252_47.488579,-122.24225247299991,47.488579349999995,-122.2322524729999,47.49857934999999,-122.23725247299991,47.49357935,0,0,,19,4
-122.242252_47.498579,-122.24225247299991,47.49857934999999,-122.2322524729999,47.50857934999999,-122.23725247299991,47.503579349999995,0,0,,19,5
-122.242252_47.508579,-122.24225247299991,47.50857934999999,-122.2322524729999,47.51857934999999,-122.23725247299991,47.51357934999999,0,0,,19,6
-122.242252_47.518579,-122.24225247299991,47.51857934999999,-122.2322524729999,47.52857934999999,-122.23725247299991,47.52357934999999,0,0,,19,7
-122.242252_47.528579,-122.24225247299991,47.52857934999999,-122.2322524729999,47.538579349999985,-122.23725247299991,47.53357934999999,0,0,,19,8
-122.242252_47.538579,-122.24225247299991,47.538579349999985,-122.2322524729999,47.54857934999998,-122.23725247299991,47.54357934999999,0,0,,19,9
-122.242252_47.548579,-122.24225247299991,47.54857934999998,-122.2322524729999,47.55857934999998,-122.23725247299991,47.553579349999985,0,0,,19,10
-122.242252_47.558579,-122.24225247299991,47.55857934999998,-122.2322524729999,47.56857934999998,-122.23725247299991,47.56357934999998,0,0,,19,11
-122.242252_47.568579,-122.24225247299991,47.56857934999998,-122.2322524729999,47.57857934999998,-122.23725247299991,47.57357934999998,0,0,,19,12
-122.242252_47.578579,-122.24225247299991,47.57857934999998,-122.2322524729999,47.588579349999975,-122.23725247299991,47.58357934999998,0,0,,19,13
-122.242252_47.588579,-122.24225247299991,47.588579349999975,-122.2322524729999,47.59857934999997,-122.23725247299991,47.59357934999998,0,0,,19,14
-122.242252_47.598579,-122.24225247299991,47.59857934999997,-122.2322524729999,47.60857934999997,-122.23725247299991,47.603579349999976,0,0,,19,15
-122.242252_47.608579,-122.24225247299991,47.60857934999997,-122.2322524729999,47.61857934999997,-122.23725247299991,47.61357934999997,0,0,,19,16
-122.242252_47.618579,-122.24225247299991,47.61857934999997,-122.2322524729999,47.62857934999997,-122.23725247299991,47.62357934999997,0,0,,19,17
-122.242252_47.628579,-122.24225247299991,47.62857934999997,-122.2322524729999,47.638579349999965,-122.23725247299991,47.63357934999997,0,0,,19,18
-122.242252_47.638579,-122.24225247299991,47.638579349999965,-122.2322524729999,47.64857934999996,-122.23725247299991,47.64357934999997,0,0,,19,19
-122.242252_47.648579,-122.24225247299991,47.64857934999996,-122.2322524729999,47.65857934999996,-122.23725247299991,47.653579349999966,0,0,,19,20
-122.242252_47.658579,-122.24225247299991,47.65857934999996,-122.2322524729999,47.66857934999996,-122.23725247299991,47.663579349999964,0,0,,19,21
-122.242252_47.668579,-122.24225247299991,47.66857934999996,-122.2322524729999,47.67857934999996,-122.23725247299991,47.67357934999996,0,0,,19,22
-122.242252_47.678579,-122.24225247299991,47.67857934999996,-122.2322524729999,47.688579349999955,-122.23725247299991,47.68357934999996,0,0,,19,23
-122.242252_47.688579,-122.24225247299991,47.688579349999955,-122.2322524729999,47.69857934999995,-122.23725247299991,47.69357934999996,0,0,,19,24
-122.242252_47.698579,-122.24225247299991,47.69857934999995,-122.2322524729999,47.70857934999995,-122.23725247299991,47.703579349999956,0,0,,19,25
-122.242252_47.708579,-122.24225247299991,47.70857934999995,-122.2322524729999,47.71857934999995,-122.23725247299991,47.713579349999954,0,0,,19,26
-122.242252_47.718579,-122.24225247299991,47.71857934999995,-122.2322524729999,47.72857934999995,-122.23725247299991,47.72357934999995,0,0,,19,27
-122.242252_47.728579,-122.24225247299991,47.72857934999995,-122.2322524729999,47.738579349999945,-122.23725247299991,47.73357934999995,0,0,,19,28
-122.242252_47.738579,-122.24225247299991,47.738579349999945,-122.2322524729999,47.74857934999994,-122.23725247299991,47.74357934999995,0,0,,19,29
-122.242252_47.748579,-122.24225247299991,47.74857934999994,-122.2322524729999,47.75857934999994,-122.23725247299991,47.753579349999946,0,0,,19,30
-122.242252_47.758579,-122.24225247299991,47.75857934999994,-122.2322524729999,47.76857934999994,-122.23725247299991,47.763579349999944,0,0,,19,31
-122.242252_47.768579,-122.24225247299991,47.76857934999994,-122.2322524729999,47.77857934999994,-122.23725247299991,47.77357934999994,0,0,,19,32
-122.232252_47.448579,-122.2322524729999,47.44857935,-122.2222524729999,47.45857935,-122.22725247299991,47.453579350000005,0,0,,20,0
-122.232252_47.458579,-122.2322524729999,47.45857935,-122.2222524729999,47.46857935,-122.22725247299991,47.46357935,0,0,,20,1
-122.232252_47.468579,-122.2322524729999,47.46857935,-122.2222524729999,47.47857935,-122.22725247299991,47.47357935,0,0,,20,2
-122.232252_47.478579,-122.2322524729999,47.47857935,-122.2222524729999,47.488579349999995,-122.22725247299991,47.48357935,0,0,,20,3
-122.232252_47.488579,-122.2322524729999,47.488579349999995,-122.2222524729999,47.49857934999999,-122.22725247299991,47.49357935,0,0,,20,4
-122.232252_47.498579,-122.2322524729999,47.49857934999999,-122.2222524729999,47.50857934999999,-122.22725247299991,47.503579349999995,0,0,,20,5
-122.232252_47.508579,-122.2322524729999,47.50857934999999,-122.2222524729999,47.51857934999999,-122.22725247299991,47.51357934999999,0,0,,20,6
-122.232252_47.518579,-122.2322524729999,47.51857934999999,-122.2222524729999,47.52857934999999,-122.22725247299991,47.52357934999999,0,0,,20,7
-122.232252_47.528579,-122.2322524729999,47.52857934999999,-122.2222524729999,47.538579349999985,-122.22725247299991,47.53357934999999,0,0,,20,8
-122.232252_47.538579,-122.2322524729999,47.538579349999985,-122.2222524729999,47.54857934999998,-122.22725247299991,47.54357934999999,0,0,,20,9
-122.232252_47.548579,-122.2322524729999,47.54857934999998,-122.2222524729999,47.55857934999998,-122.22725247299991,47.553579349999985,0,0,,20,10
-122.232252_47.558579,-122.2322524729999,47.55857934999998,-122.2222524729999,47.56857934999998,-122.22725247299991,47.56357934999998,0,0,,20,11
-122.232252_47.568579,-122.2322524729999,47.56857934999998,-122.2222524729999,47.57857934999998,-122.22725247299991,47.57357934999998,0,0,,20,12
-122.232252_47.578579,-122.2322524729999,47.57857934999998,-122.2222524729999,47.588579349999975,-122.22725247299991,47.58357934999998,0,0,,20,13
-122.232252_47.588579,-122.2322524729999,47.588579349999975,-122.2222524729999,47.59857934999997,-122.22725247299991,47.59357934999998,0,0,,20,14
-122.232252_47.598579,-122.2322524729999,47.59857934999997,-122.2222524729999,47.60857934999997,-122.22725247299991,47.603579349999976,0,0,,20,15
-122.232252_47.608579,-122.2322524729999,47.60857934999997,-122.2222524729999,47.61857934999997,-122.22725247299991,47.61357934999997,0,0,,20,16
-122.232252_47.618579,-122.2322524729999,47.61857934999997,-122.2222524729999,47.62857934999997,-122.22725247299991,47.62357934999997,0,0,,20,17
-122.232252_47.628579,-122.2322524729999,47.62857934999997,-122.2222524729999,47.638579349999965,-122.22725247299991,47.63357934999997,0,0,,20,18
-122.232252_47.638579,-122.2322524729999,47.638579349999965,-122.2222524729999,47.64857934999996,-122.22725247299991,47.64357934999997,0,0,,20,19
-122.232252_47.648579,-122.2322524729999,47.64857934999996,-122.2222524729999,47.65857934999996,-122.22725247299991,47.653579349999966,0,0,,20,20
-122.232252_47.658579,-122.2322524729999,47.65857934999996,-122.2222524729999,47.66857934999996,-122.22725247299991,47.663579349999964,0,0,,20,21
-122.232252_47.668579,-122.2322524729999,47.66857934999996,-122.2222524729999,47.67857934999996,-122.22725247299991,47.67357934999996,0,0,,20,22
-122.232252_47.678579,-122.2322524729999,47.67857934999996,-122.2222524729999,47.688579349999955,-122.22725247299991,47.68357934999996,0,0,,20,23
-122.232252_47.688579,-122.2322524729999,47.688579349999955,-122.2222524729999,47.69857934999995,-122.22725247299991,47.69357934999996,0,0,,20,24
-122.232252_47.698579,-122.2322524729999,47.69857934999995,-122.2222524729999,47.70857934999995,-122.22725247299991,47.703579349999956,0,0,,20,25
-122.232252_47.708579,-122.2322524729999,47.70857934999995,-122.2222524729999,47.71857934999995,-122.22725247299991,47.713579349999954,0,0,,20,26
-122.232252_47.718579,-122.2322524729999,47.71857934999995,-122.2222524729999,47.72857934999995,-122.22725247299991,47.72357934999995,0,0,,20,27
-122.232252_47.728579,-122.2322524729999,47.72857934999995,-122.2222524729999,47.738579349999945,-122.22725247299991,47.73357934999995,0,0,,20,28
-122.232252_47.738579,-122.2322524729999,47.738579349999945,-122.2222524729999,47.74857934999994,-122.22725247299991,47.74357934999995,0,0,,20,29
-122.232252_47.748579,-122.2322524729999,47.74857934999994,-122.2222524729999,47.75857934999994,-122.22725247299991,47.753579349999946,0,0,,20,30
-122.232252_47.758579,-122.2322524729999,47.75857934999994,-122.2222524729999,47.76857934999994,-122.22725247299991,47.763579349999944,0,0,,20,31
-122.232252_47.768579,-122.2322524729999,47.76857934999994,-122.2222524729999,47.77857934999994,-122.22725247299991,47.77357934999994,0,0,,20,32
